SKU,Parent_SKU,Product_Name,Brand,Category,Sub_Category,Attribute_Year of Edition,Model_Number,MRP,Selling_Price,Stock_Quantity,Attribute_Upscaling,Attribute_Resolution,Attribute_Audio,Attribute_Color,Filter_OS,Filter_Number of HDMI/USB Ports,Filter_Screen_Size_inch,Filter_Display_Type,Attribute_Picture Engine,Whats_In_The_Box,Image_URL_1,Image_URL_2,Image_URL_3,Image_URL_4,Image_URL_5,Image_URL_6,Video_URL_1,Video_URL_2,HSN_Code,GST_Rate,Shipping_Weight_kg,Shipping_Dimensions_cm,URL_Slug,Meta_Title,Meta_Description
SAM_Neo QLED TV,SAM-Neo QLED 8K TV,Samasung Neo QLED 8K Vision AI Smart TV,Samsung,TV,TV & Display,,85QN950FU,1099900,,,8K AI Upscaling & Glare free,Neo Quantum HDR 8K PRo,Dolby Atmos,Graphite Black,Tizen,,85,,NQ8 AI Gen3 ,,https://images.samsung.com/is/image/samsung/p6pim/in/qa85qn950fuxxl/gallery/in-qled-qn950f-qa85qn950fuxxl-545965034?$684_547_PNG$,https://images.samsung.com/is/image/samsung/p6pim/in/qa85qn950fuxxl/gallery/in-qled-qn950f-qa85qn950fuxxl-546387121?$Q90_684_547_JPG$,https://images.samsung.com/is/image/samsung/p6pim/in/feature/166008251/in-feature-a-smarter-voice-assistant-545833001?$900_N_JPG$,https://images.samsung.com/is/image/samsung/p6pim/in/feature/166008252/in-feature-sound-optimized-and-remastered-to-your-content-and-space-545833003?$900_N_JPG$,https://images.samsung.com/is/image/samsung/p6pim/in/feature/166008254/in-feature-settings-that-intelligently-optimize-picture-and-sound-545832993?$900_N_JPG$,,https://images.samsung.com/is/content/samsung/p6pim/in/feature/166033563/in-feature--nbsp--545965088.mp4,,,,,,,,
SAM_Neo QLED TV,SAM-Neo QLED 8K TV,Samasung Neo QLED 8K Smart TV,Samsung,TV,TV & Display,2025,65QN900FU,334900,,,8K AI Upscaling & Glare free,Neo Quantum HDR 8K PRo,Dolby Atmos,Titan Black,Tizen,,65,,NQ8 AI Gen2 ,,https://images.samsung.com/is/image/samsung/p6pim/in/qa65qn900fuxxl/gallery/in-qled-qn900f-qa65qn900fuxxl-545833092?$684_547_PNG$,https://images.samsung.com/is/image/samsung/p6pim/in/qa65qn900fuxxl/gallery/in-qled-qn900f-qa65qn900fuxxl-547290743?$Q90_684_547_JPG$,https://images.samsung.com/is/image/samsung/p6pim/in/feature/166008251/in-feature-a-smarter-voice-assistant-545833001?$900_N_JPG$,https://images.samsung.com/is/image/samsung/p6pim/in/feature/166008252/in-feature-sound-optimized-and-remastered-to-your-content-and-space-545833003?$900_N_JPG$,https://images.samsung.com/is/image/samsung/p6pim/in/feature/166008254/in-feature-settings-that-intelligently-optimize-picture-and-sound-545832993?$900_N_JPG$,,https://images.samsung.com/is/content/samsung/p6pim/in/feature/166008290/in-feature--nbsp--545833143.mp4,,,,,,,,
SAM_Neo QLED TV,SAM-Neo QLED 8K TV,Samsung Neo QLED 8K Smart TV,Samsung,TV,TV & Display,2025,75QN900FU,699900,,,8K AI Upscaling & Glare free,Neo Quantum HDR 8K PRo,Dolby Atmos,Titan Black,Tizen,,75,,NQ8 AI Gen2 ,,https://images.samsung.com/is/image/samsung/p6pim/in/qa75qn900fuxxl/gallery/in-qled-qn900f-544125-qa75qn900fuxxl-546639252?$684_547_PNG$,https://images.samsung.com/is/image/samsung/p6pim/in/qa75qn900fuxxl/gallery/in-qled-qn900f-qa75qn900fuxxl-548322428?$Q90_684_547_JPG$,https://images.samsung.com/is/image/samsung/p6pim/in/feature/166008251/in-feature-a-smarter-voice-assistant-545833001?$900_N_JPG$,https://images.samsung.com/is/image/samsung/p6pim/in/feature/166008252/in-feature-sound-optimized-and-remastered-to-your-content-and-space-545833003?$900_N_JPG$,https://images.samsung.com/is/image/samsung/p6pim/in/feature/166008254/in-feature-settings-that-intelligently-optimize-picture-and-sound-545832993?$900_N_JPG$,,https://images.samsung.com/is/content/samsung/p6pim/in/feature/166008290/in-feature--nbsp--545833143.mp5,,,,,,,,
SAM_Neo QLED TV,SAM-Neo QLED 8K TV,Samsung Neo QLED 8K Smart AI TV,Samsung,TV,TV & Display,2024,65QN800DU,379900,,,8K AI Upscaling & HDR 8K+,Neo Quantum HDR 8K+,Dolby Atmos,Titan Black,Tizen,,65,,NQ8 AI Gen2 ,,https://images.samsung.com/is/image/samsung/p6pim/in/qa75qn800duxxl/gallery/in-qled-qn800d-qa75qn800duxxl-540992433?$684_547_PNG$,https://images.samsung.com/is/image/samsung/p6pim/in/qa65qn800duxxl/gallery/in-qled-qn800d-qa65qn800duxxl-542922731?$Q90_684_547_JPG$,https://images.samsung.com/is/image/samsung/p6pim/in/feature/165191411/in-feature-qled-qn800d-540993753?$FB_TYPE_K_JPG$,,,,,https://images.samsung.com/is/content/samsung/p6pim/in/feature/165008358/in-feature--nbsp-539906665.mp4,,,,,,,
SAM_Neo QLED TV,SAM-Neo QLED 8K TV,Samsung Neo QLED 8K Smart AI TV,Samsung,TV,TV & Display,2024,75QN800DU,874900,,,8K AI Upscaling & HDR 8K+,Neo Quantum HDR 8K+,Dolby Atmos,Titan Black,Tizen,,45,,NQ8 AI Gen2 ,,https://images.samsung.com/is/image/samsung/p6pim/in/qa75qn800duxxl/gallery/in-qled-qn800d-qa75qn800duxxl-540992433?$684_547_PNG$,https://images.samsung.com/is/image/samsung/p6pim/in/qa75qn800duxxl/gallery/in-qled-qn800d-qa75qn800duxxl-542922880?$Q90_684_547_JPG$,https://images.samsung.com/is/image/samsung/p6pim/in/feature/165191411/in-feature-qled-qn800d-540993753?$FB_TYPE_K_JPG$,,,,,,,,,,,,
,,,,,,,,,,,,,,,,,,,,,,,,,,,,,,,,,,,
,,,,,,,,,,,,,,,,,,,,,,,,,,,,,,,,,,,
SAM_Neo QLED TV,SAM-Neo QLED 4K TV,Samsung Neo QLED 4K Vision AI Smart TV,Samsung,TV,TV & Display,2025,55QN90FAU,169900,,,4K AI Upscaling Pro & Glare free,Neo Quantum HDR+ 4K,Dolby Atmos,Titan Black,Tizen,,55,,NQ4 AI Gen3 ,,https://images.samsung.com/is/image/samsung/p6pim/in/qa55qn90faulxl/gallery/in-qled-qn90f-qa55qn90faulxl-545890799?$684_547_PNG$,https://images.samsung.com/is/image/samsung/p6pim/in/qa55qn90faulxl/gallery/in-qled-qn90f-qa55qn90faulxl-546290924?$Q90_684_547_JPG$,https://images.samsung.com/is/image/samsung/p6pim/in/feature/166008251/in-feature-a-smarter-voice-assistant-545833001?$900_N_JPG$,https://images.samsung.com/is/image/samsung/p6pim/in/feature/166008252/in-feature-sound-optimized-and-remastered-to-your-content-and-space-545833003?$900_N_JPG$,https://images.samsung.com/is/image/samsung/p6pim/in/feature/166008254/in-feature-settings-that-intelligently-optimize-picture-and-sound-545832993?$900_N_JPG$,,https://images.samsung.com/is/content/samsung/p6pim/in/feature/166019461/in-feature--nbsp--545890899.mp4,,,,,,,,
SAM_Neo QLED TV,SAM-Neo QLED 4K TV,Samsung Neo QLED 4K Vision AI Smart TV,Samsung,TV,TV & Display,2025,65QN90FAU,234900,,,4K AI Upscaling Pro & Glare free,Neo Quantum HDR+ 4K,Dolby Atmos,Titan Black,Tizen,,65,,NQ4 AI Gen3 ,,https://images.samsung.com/is/image/samsung/p6pim/in/qa55qn90faulxl/gallery/in-qled-qn90f-qa55qn90faulxl-545890799?$684_547_PNG$,https://images.samsung.com/is/image/samsung/p6pim/in/qa65qn90faulxl/gallery/in-qled-qn90f-qa65qn90faulxl-546292194?$Q90_684_547_JPG$,https://images.samsung.com/is/image/samsung/p6pim/in/feature/166008251/in-feature-a-smarter-voice-assistant-545833001?$900_N_JPG$,https://images.samsung.com/is/image/samsung/p6pim/in/feature/166008252/in-feature-sound-optimized-and-remastered-to-your-content-and-space-545833003?$900_N_JPG$,https://images.samsung.com/is/image/samsung/p6pim/in/feature/166008254/in-feature-settings-that-intelligently-optimize-picture-and-sound-545832993?$900_N_JPG$,,https://images.samsung.com/is/content/samsung/p6pim/in/feature/166019461/in-feature--nbsp--545890899.mp5,,,,,,,,
SAM_Neo QLED TV,SAM-Neo QLED 4K TV,Samsung Neo QLED 4K Vision AI Smart TV,Samsung,TV,TV & Display,2025,75QN90FAU,484900,,,4K AI Upscaling Pro & Glare free,Neo Quantum HDR+ 4K,Dolby Atmos,Titan Black,Tizen,,75,,NQ4 AI Gen3 ,,https://images.samsung.com/is/image/samsung/p6pim/in/qa55qn90faulxl/gallery/in-qled-qn90f-qa55qn90faulxl-545890799?$684_547_PNG$,https://images.samsung.com/is/image/samsung/p6pim/in/qa75qn90fauxxl/gallery/in-qled-qn90f-qa75qn90fauxxl-548323015?$Q90_684_547_JPG$,https://images.samsung.com/is/image/samsung/p6pim/in/feature/166008251/in-feature-a-smarter-voice-assistant-545833001?$900_N_JPG$,https://images.samsung.com/is/image/samsung/p6pim/in/feature/166008252/in-feature-sound-optimized-and-remastered-to-your-content-and-space-545833003?$900_N_JPG$,https://images.samsung.com/is/image/samsung/p6pim/in/feature/166008254/in-feature-settings-that-intelligently-optimize-picture-and-sound-545832993?$900_N_JPG$,,https://images.samsung.com/is/content/samsung/p6pim/in/feature/166019461/in-feature--nbsp--545890899.mp6,,,,,,,,
SAM_Neo QLED TV,SAM-Neo QLED 4K TV,Samsung Neo QLED 4K Vision AI Smart TV,Samsung,TV,TV & Display,2025,85QN90FAU,629900,,,4K AI Upscaling Pro & Glare free,Neo Quantum HDR+ 4K,Dolby Atmos,Titan Black,Tizen,,85,,NQ4 AI Gen3 ,,https://images.samsung.com/is/image/samsung/p6pim/in/qa55qn90faulxl/gallery/in-qled-qn90f-qa55qn90faulxl-545890799?$684_547_PNG$,https://images.samsung.com/is/image/samsung/p6pim/in/qa85qn90fauxxl/gallery/in-qled-qn90f-qa85qn90fauxxl-548323085?$Q90_684_547_JPG$,https://images.samsung.com/is/image/samsung/p6pim/in/feature/166008251/in-feature-a-smarter-voice-assistant-545833001?$900_N_JPG$,https://images.samsung.com/is/image/samsung/p6pim/in/feature/166008252/in-feature-sound-optimized-and-remastered-to-your-content-and-space-545833003?$900_N_JPG$,https://images.samsung.com/is/image/samsung/p6pim/in/feature/166008254/in-feature-settings-that-intelligently-optimize-picture-and-sound-545832993?$900_N_JPG$,,https://images.samsung.com/is/content/samsung/p6pim/in/feature/166019461/in-feature--nbsp--545890899.mp7,,,,,,,,
SAM_Neo QLED TV,SAM-Neo QLED 4K TV,Samsung Neo QLED 4K Vision AI Smart TV,Samsung,TV,TV & Display,2025,98QN90FAU,1249900,,,4K AI Upscaling Pro & Glare free,Neo Quantum HDR Pro 4K,Dolby Atmos,Titan Black,Tizen,,98,,NQ4 AI Gen3 ,,https://images.samsung.com/is/image/samsung/p6pim/in/qa55qn90faulxl/gallery/in-qled-qn90f-qa55qn90faulxl-545890799?$684_547_PNG$,https://images.samsung.com/is/image/samsung/p6pim/in/qa98qn90fauxxl/gallery/in-qled-qn90f-qa98qn90fauxxl-548323095?$Q90_684_547_JPG$,https://images.samsung.com/is/image/samsung/p6pim/in/feature/166008251/in-feature-a-smarter-voice-assistant-545833001?$900_N_JPG$,https://images.samsung.com/is/image/samsung/p6pim/in/feature/166008252/in-feature-sound-optimized-and-remastered-to-your-content-and-space-545833003?$900_N_JPG$,https://images.samsung.com/is/image/samsung/p6pim/in/feature/166008254/in-feature-settings-that-intelligently-optimize-picture-and-sound-545832993?$900_N_JPG$,,https://images.samsung.com/is/content/samsung/p6pim/in/feature/166019461/in-feature--nbsp--545890899.mp8,,,,,,,,
SAM_Neo QLED TV,SAM-Neo QLED 4K TV,Samsung Neo QLED 4K Vision AI Smart TV,Samsung,TV,TV & Display,2025,115QN90FAU,2799900,,,4K AI Upscaling Pro & Glare free,Neo Quantum HDR+ 4K,Dolby Atmos,Titan Black,Tizen,,115,,NQ8 AI Gen3 ,,https://images.samsung.com/is/image/samsung/p6pim/in/qa55qn90faulxl/gallery/in-qled-qn90f-qa55qn90faulxl-545890799?$684_547_PNG$,https://images.samsung.com/is/image/samsung/p6pim/in/qa115qn90fuxxl/gallery/in-qled-qn90f-qa115qn90fuxxl-548501151?$Q90_684_547_JPG$,https://images.samsung.com/is/image/samsung/p6pim/in/feature/166008251/in-feature-a-smarter-voice-assistant-545833001?$900_N_JPG$,https://images.samsung.com/is/image/samsung/p6pim/in/feature/166008252/in-feature-sound-optimized-and-remastered-to-your-content-and-space-545833003?$900_N_JPG$,https://images.samsung.com/is/image/samsung/p6pim/in/feature/166008254/in-feature-settings-that-intelligently-optimize-picture-and-sound-545832993?$900_N_JPG$,,https://images.samsung.com/is/content/samsung/p6pim/in/feature/166019461/in-feature--nbsp--545890899.mp9,,,,,,,,
SAM_Neo QLED TV,SAM-Neo QLED 4K TV,Samsung Neo QLED 4K Vision AI Smart TV,Samsung,TV,TV & Display,2025,55QN85FAU,144900,,,4K AI Upscaling & Q-Symphony,Neo Quantum HDR+ 4K,Dolby Atmos,Titan Black,Tizen,,55,,NQ4 AI Gen2 ,,https://images.samsung.com/is/image/samsung/p6pim/in/qa55qn85faulxl/gallery/in-qled-qn85f-qa55qn85faulxl-545964846?$684_547_PNG$,https://images.samsung.com/is/image/samsung/p6pim/in/qa55qn85faulxl/gallery/in-qled-qn85f-qa55qn85faulxl-546384444?$Q90_684_547_JPG$,https://images.samsung.com/is/image/samsung/p6pim/in/feature/166008251/in-feature-a-smarter-voice-assistant-545833001?$900_N_JPG$,https://images.samsung.com/is/image/samsung/p6pim/in/feature/166008252/in-feature-sound-optimized-and-remastered-to-your-content-and-space-545833003?$900_N_JPG$,https://images.samsung.com/is/image/samsung/p6pim/in/feature/166008254/in-feature-settings-that-intelligently-optimize-picture-and-sound-545832993?$900_N_JPG$,,https://images.samsung.com/is/content/samsung/p6pim/in/feature/166033479/in-feature--nbsp-545964904.mp4,,,,,,,,
SAM_Neo QLED TV,SAM-Neo QLED 4K TV,Samsung Neo QLED 4K Vision AI Smart TV,Samsung,TV,TV & Display,2025,65QN85FAU,209900,,,4K AI Upscaling & Q-Symphony,Neo Quantum HDR+ 4K,Dolby Atmos,Titan Black,Tizen,,65,,NQ4 AI Gen2 ,,https://images.samsung.com/is/image/samsung/p6pim/in/qa65qn85faulxl/gallery/in-qled-qn85f-qa65qn85faulxl-545964866?$684_547_PNG$,https://images.samsung.com/is/image/samsung/p6pim/in/qa65qn85faulxl/gallery/in-qled-qn85f-qa65qn85faulxl-546383440?$Q90_684_547_JPG$,https://images.samsung.com/is/image/samsung/p6pim/in/feature/166008251/in-feature-a-smarter-voice-assistant-545833001?$900_N_JPG$,https://images.samsung.com/is/image/samsung/p6pim/in/feature/166008252/in-feature-sound-optimized-and-remastered-to-your-content-and-space-545833003?$900_N_JPG$,https://images.samsung.com/is/image/samsung/p6pim/in/feature/166008254/in-feature-settings-that-intelligently-optimize-picture-and-sound-545832993?$900_N_JPG$,,https://images.samsung.com/is/content/samsung/p6pim/in/feature/166033479/in-feature--nbsp-545964904.mp5,,,,,,,,
SAM_Neo QLED TV,SAM-Neo QLED 4K TV,Samsung Neo QLED 4K Vision AI Smart TV,Samsung,TV,TV & Display,2025,75QN85FAU,329900,,,4K AI Upscaling & Q-Symphony,Neo Quantum HDR+ 4K,Dolby Atmos,Titan Black,Tizen,,75,,NQ4 AI Gen2 ,,https://images.samsung.com/is/image/samsung/p6pim/in/qa65qn85faulxl/gallery/in-qled-qn85f-qa65qn85faulxl-545964866?$684_547_PNG$,https://images.samsung.com/is/image/samsung/p6pim/in/qa75qn85fauxxl/gallery/in-qled-qn85f-qa75qn85fauxxl-548322218?$Q90_684_547_JPG$,https://images.samsung.com/is/image/samsung/p6pim/in/feature/166008251/in-feature-a-smarter-voice-assistant-545833001?$900_N_JPG$,https://images.samsung.com/is/image/samsung/p6pim/in/feature/166008252/in-feature-sound-optimized-and-remastered-to-your-content-and-space-545833003?$900_N_JPG$,https://images.samsung.com/is/image/samsung/p6pim/in/feature/166008254/in-feature-settings-that-intelligently-optimize-picture-and-sound-545832993?$900_N_JPG$,,https://images.samsung.com/is/content/samsung/p6pim/in/feature/166033479/in-feature--nbsp-545964904.mp6,,,,,,,,
SAM_Neo QLED TV,SAM-Neo QLED 4K TV,Samsung Neo QLED 4K Vision AI Smart TV,Samsung,TV,TV & Display,2025,85QN85FAU,499900,,,4K AI Upscaling & Q-Symphony,Neo Quantum HDR+ 4K,Dolby Atmos,Titan Black,Tizen,,85,,NQ4 AI Gen2 ,,https://images.samsung.com/is/image/samsung/p6pim/in/qa65qn85faulxl/gallery/in-qled-qn85f-qa65qn85faulxl-545964866?$684_547_PNG$,https://images.samsung.com/is/image/samsung/p6pim/in/qa85qn85fauxxl/gallery/in-qled-qn85f-qa85qn85fauxxl-548322066?$Q90_684_547_JPG$,https://images.samsung.com/is/image/samsung/p6pim/in/feature/166008251/in-feature-a-smarter-voice-assistant-545833001?$900_N_JPG$,https://images.samsung.com/is/image/samsung/p6pim/in/feature/166008252/in-feature-sound-optimized-and-remastered-to-your-content-and-space-545833003?$900_N_JPG$,https://images.samsung.com/is/image/samsung/p6pim/in/feature/166008254/in-feature-settings-that-intelligently-optimize-picture-and-sound-545832993?$900_N_JPG$,,https://images.samsung.com/is/content/samsung/p6pim/in/feature/166033479/in-feature--nbsp-545964904.mp7,,,,,,,,
SAM_Neo QLED TV,SAM-Neo QLED 4K TV,Samsung Neo QLED 4K Vision AI Smart TV,Samsung,TV,TV & Display,2025,65QN80FAU,189900,,,4K AI Upscaling & Color Booster pro,Neo Quantum HDR 4K,Dolby Atmos,Titan Black,Tizen,,65,,NQ4 AI Gen2 ,,https://images.samsung.com/is/image/samsung/p6pim/in/qa100qn80fuxxl/gallery/in-qled-qn80f-544123-qa100qn80fuxxl-546641988?$684_547_PNG$,https://images.samsung.com/is/image/samsung/p6pim/in/qa65qn80faulxl/gallery/in-qled-qn80f-qa65qn80faulxl-546097084?$Q90_684_547_JPG$,https://images.samsung.com/is/image/samsung/p6pim/in/feature/166008251/in-feature-a-smarter-voice-assistant-545833001?$900_N_JPG$,https://images.samsung.com/is/image/samsung/p6pim/in/feature/166008252/in-feature-sound-optimized-and-remastered-to-your-content-and-space-545833003?$900_N_JPG$,https://images.samsung.com/is/image/samsung/p6pim/in/feature/166008254/in-feature-settings-that-intelligently-optimize-picture-and-sound-545832993?$900_N_JPG$,,https://images.samsung.com/is/content/samsung/p6pim/in/feature/166008236/in-feature--nbsp--545832955.mp4,,,,,,,,
SAM_Neo QLED TV,SAM-Neo QLED 4K TV,Samsung Neo QLED 4K Vision AI Smart TV,Samsung,TV,TV & Display,2025,75QN80FAU,,,,4K AI Upscaling & Color Booster pro,Neo Quantum HDR 4K,Dolby Atmos,Titan Black,Tizen,,75,,NQ4 AI Gen2 ,,https://images.samsung.com/is/image/samsung/p6pim/in/qa100qn80fuxxl/gallery/in-qled-qn80f-544123-qa100qn80fuxxl-546641988?$684_547_PNG$,https://images.samsung.com/is/image/samsung/p6pim/in/qa75qn80fauxxl/gallery/in-qled-qn80f-qa75qn80fauxxl-548501147?$Q90_684_547_JPG$,https://images.samsung.com/is/image/samsung/p6pim/in/feature/166008251/in-feature-a-smarter-voice-assistant-545833001?$900_N_JPG$,https://images.samsung.com/is/image/samsung/p6pim/in/feature/166008252/in-feature-sound-optimized-and-remastered-to-your-content-and-space-545833003?$900_N_JPG$,https://images.samsung.com/is/image/samsung/p6pim/in/feature/166008254/in-feature-settings-that-intelligently-optimize-picture-and-sound-545832993?$900_N_JPG$,,https://images.samsung.com/is/content/samsung/p6pim/in/feature/166008236/in-feature--nbsp--545832955.mp5,,,,,,,,
SAM_Neo QLED TV,SAM-Neo QLED 4K TV,Samsung Neo QLED 4K Vision AI Smart TV,Samsung,TV,TV & Display,2025,100QN80FAU,1449900,,,4K AI Upscaling & Color Booster pro,Neo Quantum HDR 4K,Dolby Atmos,Titan Black,Tizen,,100,,NQ4 AI Gen2 ,,https://images.samsung.com/is/image/samsung/p6pim/in/qa100qn80fuxxl/gallery/in-qled-qn80f-544123-qa100qn80fuxxl-546641988?$684_547_PNG$,https://images.samsung.com/is/image/samsung/p6pim/in/qa100qn80fuxxl/gallery/in-qled-qn80f-qa100qn80fuxxl-548501149?$Q90_684_547_JPG$,https://images.samsung.com/is/image/samsung/p6pim/in/feature/166008251/in-feature-a-smarter-voice-assistant-545833001?$900_N_JPG$,https://images.samsung.com/is/image/samsung/p6pim/in/feature/166008252/in-feature-sound-optimized-and-remastered-to-your-content-and-space-545833003?$900_N_JPG$,https://images.samsung.com/is/image/samsung/p6pim/in/feature/166008254/in-feature-settings-that-intelligently-optimize-picture-and-sound-545832993?$900_N_JPG$,,https://images.samsung.com/is/content/samsung/p6pim/in/feature/166008236/in-feature--nbsp--545832955.mp6,,,,,,,,
SAM_Neo QLED TV,SAM-Neo QLED 4K TV,Samsung Neo QLED 4K Smart TV,Samsung,TV,TV & Display,2025,55QN70FAU,112900,,,4K AI Upscaling & AirSlim Design,Neo Quantum HDR 4K,OTS Lite, Black,Tizen,,55,,NQ4 AI Gen2 ,,https://images.samsung.com/is/image/samsung/p6pim/in/qa55qn70faulxl/gallery/in-qled-qn70f-qa55qn70faulxl-546554590?$684_547_PNG$,https://images.samsung.com/is/image/samsung/p6pim/in/qa55qn70faulxl/gallery/in-qled-qn70f-qa55qn70faulxl-548342529?$Q90_684_547_JPG$,https://images.samsung.com/is/image/samsung/p6pim/in/feature/166008251/in-feature-a-smarter-voice-assistant-545833001?$900_N_JPG$,https://images.samsung.com/is/image/samsung/p6pim/in/feature/166008252/in-feature-sound-optimized-and-remastered-to-your-content-and-space-545833003?$900_N_JPG$,https://images.samsung.com/is/image/samsung/p6pim/in/feature/166008254/in-feature-settings-that-intelligently-optimize-picture-and-sound-545832993?$900_N_JPG$,,https://images.samsung.com/is/content/samsung/p6pim/in/feature/166138136/in-feature--nbsp--546554633.mp4,,,,,,,,
SAM_Neo QLED TV,SAM-Neo QLED 4K TV,Samsung Neo QLED 4K Smart TV,Samsung,TV,TV & Display,2025,,,,,4K AI Upscaling & AirSlim Design,Neo Quantum HDR 4K,OTS Lite, Black,Tizen,,65,,NQ4 AI Gen2 ,,https://images.samsung.com/is/image/samsung/p6pim/in/qa55qn70faulxl/gallery/in-qled-qn70f-qa55qn70faulxl-546554590?$684_547_PNG$,https://images.samsung.com/is/image/samsung/p6pim/in/qa65qn70faulxl/gallery/in-qled-qn70f-qa65qn70faulxl-548342650?$Q90_684_547_JPG$,https://images.samsung.com/is/image/samsung/p6pim/in/feature/166008251/in-feature-a-smarter-voice-assistant-545833001?$900_N_JPG$,https://images.samsung.com/is/image/samsung/p6pim/in/feature/166008252/in-feature-sound-optimized-and-remastered-to-your-content-and-space-545833003?$900_N_JPG$,https://images.samsung.com/is/image/samsung/p6pim/in/feature/166008254/in-feature-settings-that-intelligently-optimize-picture-and-sound-545832993?$900_N_JPG$,,https://images.samsung.com/is/content/samsung/p6pim/in/feature/166138136/in-feature--nbsp--546554633.mp5,,,,,,,,
,,,,,,,,,,,,,,,,,,,,,,,,,,,,,,,,,,,
SAM_Neo QLED TV,SAM-Neo QLED 4K TV,Samsung Neo QLED 4K Smart AI TV,Samsung,TV,TV & Display,2024,65QN90DAU,249900,,,4K AI Upscaling & HDR+,Neo Quantum HDR+ 4K,Dolby Atmos,Carbon Silver,Tizen,,65,,NQ4 AI Gen2 ,,https://images.samsung.com/is/image/samsung/p6pim/in/qa65qn90daulxl/gallery/in-qled-qn90d-qa65qn90daulxl-540993182?$684_547_PNG$,https://images.samsung.com/is/image/samsung/p6pim/in/qa65qn90daulxl/gallery/in-qled-qn90d-qa65qn90daulxl-542829058?$Q90_684_547_JPG$,https://images.samsung.com/is/image/samsung/p6pim/in/feature/165191408/in-feature-qled-qn90d-540993728?$FB_TYPE_K_JPG$,,,,,,,,,,,,
SAM_Neo QLED TV,SAM-Neo QLED 4K TV,Samsung Neo QLED 4K Smart AI TV,Samsung,TV,TV & Display,2024,75QN90DAU,529900,,,4K AI Upscaling & HDR+,Neo Quantum HDR+ 4K,Dolby Atmos,Carbon Silver,Tizen,,75,,NQ4 AI Gen3,,https://images.samsung.com/is/image/samsung/p6pim/in/qa65qn90daulxl/gallery/in-qled-qn90d-qa65qn90daulxl-540993182?$684_547_PNG$,https://images.samsung.com/is/image/samsung/p6pim/in/qa65qn90daulxl/gallery/in-qled-qn90d-qa65qn90daulxl-542829058?$Q90_684_547_JPG$,https://images.samsung.com/is/image/samsung/p6pim/in/feature/165191408/in-feature-qled-qn90d-540993728?$FB_TYPE_K_JPG$,,,,,,,,,,,,
SAM_Neo QLED TV,SAM-Neo QLED 4K TV,Samsung Neo QLED 4K Smart AI TV,Samsung,TV,TV & Display,2024,85QN90DAU,,,,4K AI Upscaling & HDR+,Neo Quantum HDR+ 4K,Dolby Atmos,Carbon Silver,Tizen,,85,,NQ4 AI Gen4,,https://images.samsung.com/is/image/samsung/p6pim/in/qa65qn90daulxl/gallery/in-qled-qn90d-qa65qn90daulxl-540993182?$684_547_PNG$,https://images.samsung.com/is/image/samsung/p6pim/in/qa65qn90daulxl/gallery/in-qled-qn90d-qa65qn90daulxl-542829058?$Q90_684_547_JPG$,https://images.samsung.com/is/image/samsung/p6pim/in/feature/165191408/in-feature-qled-qn90d-540993728?$FB_TYPE_K_JPG$,,,,,,,,,,,,
SAM_Neo QLED TV,SAM-Neo QLED 4K TV,Samsung Neo QLED 4K Smart AI TV,Samsung,TV,TV & Display,2024,98QN90DAU,,,,4K AI Upscaling & HDR+,Neo Quantum HDR+ 4K,Dolby Atmos,Carbon Silver,Tizen,,98,,NQ4 AI Gen5,,https://images.samsung.com/is/image/samsung/p6pim/in/qa65qn90daulxl/gallery/in-qled-qn90d-qa65qn90daulxl-540993182?$684_547_PNG$,https://images.samsung.com/is/image/samsung/p6pim/in/qa65qn90daulxl/gallery/in-qled-qn90d-qa65qn90daulxl-542829058?$Q90_684_547_JPG$,https://images.samsung.com/is/image/samsung/p6pim/in/feature/165191408/in-feature-qled-qn90d-540993728?$FB_TYPE_K_JPG$,,,,,,,,,,,,
,,,,,,,,,,,,,,,,,,,,,,,,,,,,,,,,,,,
,,,,,,,,,,,,,,,,,,,,,,,,,,,,,,,,,,,
SAM_OLED TV,SAM-OLED 4K TV,Samsung OLED 4K Smart TV,Samsung,TV,TV & Display,2025,55S95FAU,229900,,,4K AI Upscaling Pro & Samsung Vision AI ,OLED HDR Pro 4K,Dolby Atmos,Graphite Black,Tizen,,55,,NQ4 AI Gen3 ,,https://images.samsung.com/is/image/samsung/p6pim/in/qa55s95faulxl/gallery/in-oled-s95f-qa55s95faulxl-545832554?$684_547_PNG$,https://images.samsung.com/is/image/samsung/p6pim/in/qa55s95faulxl/gallery/in-oled-s95f-qa55s95faulxl-546114121?$Q90_684_547_JPG$,https://images.samsung.com/is/image/samsung/p6pim/in/feature/166008251/in-feature-a-smarter-voice-assistant-545833001?$900_N_JPG$,https://images.samsung.com/is/image/samsung/p6pim/in/feature/166008252/in-feature-sound-optimized-and-remastered-to-your-content-and-space-545833003?$900_N_JPG$,https://images.samsung.com/is/image/samsung/p6pim/in/feature/166008254/in-feature-settings-that-intelligently-optimize-picture-and-sound-545832993?$900_N_JPG$,,https://images.samsung.com/is/content/samsung/p6pim/in/feature/166008163/in-feature--nbsp-545832729.mp4,,,,,,,,
SAM_OLED TV,SAM-OLED 4K TV,Samsung OLED 4K Smart TV,Samsung,TV,TV & Display,2025,65S95FAU,289900,,,4K AI Upscaling Pro & Samsung Vision AI ,OLED HDR Pro 4K,Dolby Atmos,Graphite Black,Tizen,,65,,NQ4 AI Gen3 ,,https://images.samsung.com/is/image/samsung/p6pim/in/qa55s95faulxl/gallery/in-oled-s95f-qa55s95faulxl-545832554?$684_547_PNG$,https://images.samsung.com/is/image/samsung/p6pim/in/qa65s95faulxl/gallery/in-oled-s95f-qa65s95faulxl-546114405?$Q90_684_547_JPG$,https://images.samsung.com/is/image/samsung/p6pim/in/feature/166008251/in-feature-a-smarter-voice-assistant-545833001?$900_N_JPG$,https://images.samsung.com/is/image/samsung/p6pim/in/feature/166008252/in-feature-sound-optimized-and-remastered-to-your-content-and-space-545833003?$900_N_JPG$,https://images.samsung.com/is/image/samsung/p6pim/in/feature/166008254/in-feature-settings-that-intelligently-optimize-picture-and-sound-545832993?$900_N_JPG$,,https://images.samsung.com/is/content/samsung/p6pim/in/feature/166008163/in-feature--nbsp-545832729.mp5,,,,,,,,
SAM_OLED TV,SAM-OLED 4K TV,Samsung OLED 4K Smart TV,Samsung,TV,TV & Display,2025,77S95FAU,589900,,,4K AI Upscaling Pro & Samsung Vision AI ,OLED HDR Pro 4K,Dolby Atmos,Graphite Black,Tizen,,77,,NQ4 AI Gen3 ,,https://images.samsung.com/is/image/samsung/p6pim/in/qa55s95faulxl/gallery/in-oled-s95f-qa55s95faulxl-545832554?$684_547_PNG$,https://images.samsung.com/is/image/samsung/p6pim/in/qa77s95faulxl/gallery/in-oled-s95f-qa77s95faulxl-546114492?$Q90_684_547_JPG$,https://images.samsung.com/is/image/samsung/p6pim/in/feature/166008251/in-feature-a-smarter-voice-assistant-545833001?$900_N_JPG$,https://images.samsung.com/is/image/samsung/p6pim/in/feature/166008252/in-feature-sound-optimized-and-remastered-to-your-content-and-space-545833003?$900_N_JPG$,https://images.samsung.com/is/image/samsung/p6pim/in/feature/166008254/in-feature-settings-that-intelligently-optimize-picture-and-sound-545832993?$900_N_JPG$,,https://images.samsung.com/is/content/samsung/p6pim/in/feature/166008163/in-feature--nbsp-545832729.mp6,,,,,,,,
SAM_OLED TV,SAM-OLED 4K TV,Samsung OLED 4K Smart TV,Samsung,TV,TV & Display,2025,83S95FAU,699900,,,4K AI Upscaling Pro & Samsung Vision AI ,OLED HDR Pro 4K,Dolby Atmos,Graphite Black,Tizen,,83,,NQ4 AI Gen3 ,,https://images.samsung.com/is/image/samsung/p6pim/in/qa55s95faulxl/gallery/in-oled-s95f-qa55s95faulxl-545832554?$684_547_PNG$,https://images.samsung.com/is/image/samsung/p6pim/in/qa83s95faexxl/gallery/in-oled-s95f-qa83s95faexxl-546297605?$Q90_684_547_JPG$,https://images.samsung.com/is/image/samsung/p6pim/in/feature/166008251/in-feature-a-smarter-voice-assistant-545833001?$900_N_JPG$,https://images.samsung.com/is/image/samsung/p6pim/in/feature/166008252/in-feature-sound-optimized-and-remastered-to-your-content-and-space-545833003?$900_N_JPG$,https://images.samsung.com/is/image/samsung/p6pim/in/feature/166008254/in-feature-settings-that-intelligently-optimize-picture-and-sound-545832993?$900_N_JPG$,,https://images.samsung.com/is/content/samsung/p6pim/in/feature/166008163/in-feature--nbsp-545832729.mp7,,,,,,,,
,,,,,,,,,,,,,,,,,,,,,,,,,,,,,,,,,,,
SAM_OLED TV,SAM-OLED 4K TV,Samsung OLED 4K Smart TV,Samsung,TV,TV & Display,2025,55S90FAU,194900,,,4K AI Upscaling Pro & HDR+ ,OLED HDR+ 4K,Dolby Atmos,Graphite Black,Tizen,,55,,NQ4 AI Gen3 ,,https://images.samsung.com/is/image/samsung/p6pim/in/qa83s90faexxl/gallery/in-oled-s90f-qa83s90faexxl-546589308?$684_547_PNG$,https://images.samsung.com/is/image/samsung/p6pim/in/qa83s90faexxl/gallery/in-oled-s90f-qa83s90faexxl-548388238?$Q90_684_547_JPG$,https://images.samsung.com/is/image/samsung/p6pim/in/feature/166008251/in-feature-a-smarter-voice-assistant-545833001?$900_N_JPG$,https://images.samsung.com/is/image/samsung/p6pim/in/feature/166008252/in-feature-sound-optimized-and-remastered-to-your-content-and-space-545833003?$900_N_JPG$,https://images.samsung.com/is/image/samsung/p6pim/in/feature/166008254/in-feature-settings-that-intelligently-optimize-picture-and-sound-545832993?$900_N_JPG$,,https://images.samsung.com/is/content/samsung/p6pim/in/feature/166008163/in-feature--nbsp-545832729.mp4,,,,,,,,
SAM_OLED TV,SAM-OLED 4K TV,Samsung OLED 4K Smart TV,Samsung,TV,TV & Display,2025,65S90FAU,249900,,,4K AI Upscaling Pro & HDR+ ,OLED HDR+ 4K,Dolby Atmos,Graphite Black,Tizen,,65,,NQ4 AI Gen3 ,,https://images.samsung.com/is/image/samsung/p6pim/in/qa83s90faexxl/gallery/in-oled-s90f-qa83s90faexxl-546589308?$684_547_PNG$,https://images.samsung.com/is/image/samsung/p6pim/in/qa77s90faelxl/gallery/in-oled-s90f-qa77s90faelxl-548387317?$Q90_684_547_JPG$,https://images.samsung.com/is/image/samsung/p6pim/in/feature/166008251/in-feature-a-smarter-voice-assistant-545833001?$900_N_JPG$,https://images.samsung.com/is/image/samsung/p6pim/in/feature/166008252/in-feature-sound-optimized-and-remastered-to-your-content-and-space-545833003?$900_N_JPG$,https://images.samsung.com/is/image/samsung/p6pim/in/feature/166008254/in-feature-settings-that-intelligently-optimize-picture-and-sound-545832993?$900_N_JPG$,,https://images.samsung.com/is/content/samsung/p6pim/in/feature/166008163/in-feature--nbsp-545832729.mp5,,,,,,,,
SAM_OLED TV,SAM-OLED 4K TV,Samsung OLED 4K Smart TV,Samsung,TV,TV & Display,2025,77S90FAU,539990,,,4K AI Upscaling Pro & HDR+ ,OLED HDR+ 4K,Dolby Atmos,Graphite Black,Tizen,,77,,NQ4 AI Gen3 ,,https://images.samsung.com/is/image/samsung/p6pim/in/qa83s90faexxl/gallery/in-oled-s90f-qa83s90faexxl-546589308?$684_547_PNG$,https://images.samsung.com/is/image/samsung/p6pim/in/qa65s90faelxl/gallery/in-oled-s90f-qa65s90faelxl-548387103?$Q90_684_547_JPG$,https://images.samsung.com/is/image/samsung/p6pim/in/feature/166008251/in-feature-a-smarter-voice-assistant-545833001?$900_N_JPG$,https://images.samsung.com/is/image/samsung/p6pim/in/feature/166008252/in-feature-sound-optimized-and-remastered-to-your-content-and-space-545833003?$900_N_JPG$,https://images.samsung.com/is/image/samsung/p6pim/in/feature/166008254/in-feature-settings-that-intelligently-optimize-picture-and-sound-545832993?$900_N_JPG$,,https://images.samsung.com/is/content/samsung/p6pim/in/feature/166008163/in-feature--nbsp-545832729.mp6,,,,,,,,
SAM_OLED TV,SAM-OLED 4K TV,Samsung OLED 4K Smart TV,Samsung,TV,TV & Display,2025,83S90FAU,669900,,,4K AI Upscaling Pro & HDR+ ,OLED HDR+ 4K,Dolby Atmos,Graphite Black,Tizen,,83,,NQ4 AI Gen3 ,,https://images.samsung.com/is/image/samsung/p6pim/in/qa83s90faexxl/gallery/in-oled-s90f-qa83s90faexxl-546589308?$684_547_PNG$,https://images.samsung.com/is/image/samsung/p6pim/in/qa55s90faulxl/gallery/in-oled-s90f-qa55s90faulxl-548382386?$Q90_684_547_JPG$,https://images.samsung.com/is/image/samsung/p6pim/in/feature/166008251/in-feature-a-smarter-voice-assistant-545833001?$900_N_JPG$,https://images.samsung.com/is/image/samsung/p6pim/in/feature/166008252/in-feature-sound-optimized-and-remastered-to-your-content-and-space-545833003?$900_N_JPG$,https://images.samsung.com/is/image/samsung/p6pim/in/feature/166008254/in-feature-settings-that-intelligently-optimize-picture-and-sound-545832993?$900_N_JPG$,,https://images.samsung.com/is/content/samsung/p6pim/in/feature/166008163/in-feature--nbsp-545832729.mp7,,,,,,,,
,,,,,,,,,,,,,,,,,,,,,,,,,,,,,,,,,,,
SAM_OLED TV,SAM-OLED 4K TV,Samsung OLED 4K Smart AI TV,Samsung,TV,TV & Display,2025,55S95DAU,234900,,,4K AI Upscaling ,OLED HDR Pro 4K,Dolby Atmos,Graphite Black,Tizen,,55,,Neural Quantum 4K,,https://images.samsung.com/is/image/samsung/p6pim/in/qa55s95daulxl/gallery/in-oled-s95d-qa55s95daulxl-540951117?$684_547_PNG$,https://images.samsung.com/is/image/samsung/p6pim/in/qa55s95daulxl/gallery/in-oled-s95d-qa55s95daulxl-542922367?$Q90_684_547_JPG$,https://images.samsung.com/is/image/samsung/p6pim/in/feature/165184538/in-feature-oled-s95d-540952591?$FB_TYPE_K_JPG$,https://images.samsung.com/is/image/samsung/p6pim/in/feature/165017795/in-feature-oled-s95d-544130883?$FB_TYPE_A_JPG$,https://images.samsung.com/is/image/samsung/p6pim/in/feature/165017621/in-feature-pantone-validated-539959840?$900_N_JPG$,https://images.samsung.com/is/image/samsung/p6pim/in/feature/165017591/in-feature--nbsp-539959747?$FB_TYPE_K_JPG$,,,,,,,,,
SAM_OLED TV,SAM-OLED 4K TV,Samsung OLED 4K Smart AI TV,Samsung,TV,TV & Display,2025,65S95DAU,,,,4K AI Upscaling ,OLED HDR Pro 4K,Dolby Atmos,Graphite Black,Tizen,,65,,Neural Quantum 4K,,https://images.samsung.com/is/image/samsung/p6pim/in/qa55s95daulxl/gallery/in-oled-s95d-qa55s95daulxl-540951117?$684_547_PNG$,https://images.samsung.com/is/image/samsung/p6pim/in/qa65s95daulxl/gallery/in-oled-s95d-qa65s95daulxl-542922497?$Q90_684_547_JPG$,https://images.samsung.com/is/image/samsung/p6pim/in/feature/165184538/in-feature-oled-s95d-540952591?$FB_TYPE_K_JPG$,https://images.samsung.com/is/image/samsung/p6pim/in/feature/165017795/in-feature-oled-s95d-544130883?$FB_TYPE_A_JPG$,https://images.samsung.com/is/image/samsung/p6pim/in/feature/165017621/in-feature-pantone-validated-539959840?$900_N_JPG$,https://images.samsung.com/is/image/samsung/p6pim/in/feature/165017591/in-feature--nbsp-539959747?$FB_TYPE_K_JPG$,,,,,,,,,
SAM_OLED TV,SAM-OLED 4K TV,Samsung OLED 4K Smart AI TV,Samsung,TV,TV & Display,2025,77S95DAU,589900,,,4K AI Upscaling ,OLED HDR Pro 4K,Dolby Atmos,Graphite Black,Tizen,,77,,Neural Quantum 4K,,https://images.samsung.com/is/image/samsung/p6pim/in/qa55s95daulxl/gallery/in-oled-s95d-qa55s95daulxl-540951117?$684_547_PNG$,https://images.samsung.com/is/image/samsung/p6pim/in/qa77s95daulxl/gallery/in-oled-s95d-qa77s95daulxl-542922500?$Q90_684_547_JPG$,https://images.samsung.com/is/image/samsung/p6pim/in/feature/165184538/in-feature-oled-s95d-540952591?$FB_TYPE_K_JPG$,https://images.samsung.com/is/image/samsung/p6pim/in/feature/165017795/in-feature-oled-s95d-544130883?$FB_TYPE_A_JPG$,https://images.samsung.com/is/image/samsung/p6pim/in/feature/165017621/in-feature-pantone-validated-539959840?$900_N_JPG$,https://images.samsung.com/is/image/samsung/p6pim/in/feature/165017591/in-feature--nbsp-539959747?$FB_TYPE_K_JPG$,,,,,,,,,
,,,,,,,,,,,,,,,,,,,,,,,,,,,,,,,,,,,
,,,,,,,,,,,,,,,,,,,,,,,,,,,,,,,,,,,
SAM_QLED TV Q7F,SAM-QLED 4K TV,Samsung QLED 4K Vision AI Smart TV,Samsung,TV,TV & Display,2025,43Q8FAAU,69900,,,4K Upscaling AirSlim,QHDR+ 4K,OTS Lite,Black,Tizen,,43,,Q4 AI,,https://images.samsung.com/is/image/samsung/p6pim/in/qa43q8faaulxl/gallery/in-qled-q8f-544772-qa43q8faaulxl-546563067?$684_547_PNG$,https://images.samsung.com/is/image/samsung/p6pim/in/qa43q8faaulxl/gallery/in-qled-q8f-qa43q8faaulxl-548338310?$Q90_684_547_JPG$,https://images.samsung.com/is/image/samsung/p6pim/in/feature/166023835/in-feature-a-smarter-voice-assistant-545912672?$900_N_JPG$,https://images.samsung.com/is/image/samsung/p6pim/in/feature/166023838/in-feature-key-features-at-a-glance-545912678?$FB_TYPE_K_JPG$,https://images.samsung.com/is/image/samsung/p6pim/in/feature/166023838/in-feature-key-features-at-a-glance-545912678?$FB_TYPE_K_JPG$,,https://images.samsung.com/is/content/samsung/p6pim/in/feature/166023845/in-feature--nbsp--545912698.mp4,,,,,,,,
SAM_QLED TV Q7F,SAM-QLED 4K TV,Samsung QLED 4K Vision AI Smart TV,Samsung,TV,TV & Display,2025,50Q8FAAU,79900,,,4K Upscaling AirSlim,QHDR+ 4K,OTS Lite,Black,Tizen,,50,,Q4 AI,,https://images.samsung.com/is/image/samsung/p6pim/in/qa43q8faaulxl/gallery/in-qled-q8f-544772-qa43q8faaulxl-546563067?$684_547_PNG$,,,,,,,,,,,,,,
SAM_QLED TV Q7F,SAM-QLED 4K TV,Samsung QLED 4K Vision AI Smart TV,Samsung,TV,TV & Display,2025,55Q8FAAU,93400,,,4K Upscaling AirSlim,QHDR+ 4K,OTS Lite,Black,Tizen,,55,,Q4 AI,,https://images.samsung.com/is/image/samsung/p6pim/in/qa43q8faaulxl/gallery/in-qled-q8f-544772-qa43q8faaulxl-546563067?$684_547_PNG$,,,,,,,,,,,,,,
SAM_QLED TV Q7F,SAM-QLED 4K TV,Samsung QLED 4K Vision AI Smart TV,Samsung,TV,TV & Display,2025,65Q8FAAU,147900,,,4K Upscaling AirSlim,QHDR+ 4K,OTS Lite,Black,Tizen,,65,,Q4 AI,,https://images.samsung.com/is/image/samsung/p6pim/in/qa43q8faaulxl/gallery/in-qled-q8f-544772-qa43q8faaulxl-546563067?$684_547_PNG$,,,,,,,,,,,,,,
SAM_QLED TV Q7F,SAM-QLED 4K TV,Samsung QLED 4K Vision AI Smart TV,Samsung,TV,TV & Display,2025,75Q8FAAU,224900,,,4K Upscaling AirSlim,QHDR+ 4K,OTS Lite,Black,Tizen,,75,,Q4 AI,,https://images.samsung.com/is/image/samsung/p6pim/in/qa43q8faaulxl/gallery/in-qled-q8f-544772-qa43q8faaulxl-546563067?$684_547_PNG$,,,,,,,,,,,,,,
SAM_QLED TV Q7F,SAM-QLED 4K TV,Samsung QLED 4K Vision AI Smart TV,Samsung,TV,TV & Display,2025,85Q8FAAU,469900,,,4K Upscaling AirSlim,QHDR+ 4K,OTS Lite,Black,Tizen,,85,,Q4 AI,,https://images.samsung.com/is/image/samsung/p6pim/in/qa43q8faaulxl/gallery/in-qled-q8f-544772-qa43q8faaulxl-546563067?$684_547_PNG$,,,,,,,,,,,,,,
,,,,,,,,,,,,,,,,,,,,,,,,,,,,,,,,,,,
SAM_QLED TV Q8F,SAM-QLED 4K TV,Samsung QLED 4K Smart TV,Samsung,TV,TV & Display,2025,43Q7FAAU,65900,,,4K AI Upscaling & Q-Symphony,QHDR 4K,OTS Lite,Black,Tizen,,43,,Q4 AI,,https://images.samsung.com/is/image/samsung/p6pim/in/qa43q7faaulxl/gallery/in-qled-q7f-qa43q7faaulxl-545419707?$684_547_PNG$,https://images.samsung.com/is/image/samsung/p6pim/in/qa43q7faaulxl/gallery/in-qled-q7f-qa43q7faaulxl-546082084?$Q90_684_547_JPG$,,,,,,,,,,,,,
SAM_QLED TV Q8F,SAM-QLED 4K TV,Samsung QLED 4K Smart TV,Samsung,TV,TV & Display,2025,50Q7FAAU,76900,,,4K AI Upscaling & Q-Symphony,QHDR 4K,OTS Lite,Black,Tizen,,50,,Q4 AI,,https://images.samsung.com/is/image/samsung/p6pim/in/qa43q7faaulxl/gallery/in-qled-q7f-qa43q7faaulxl-545419707?$684_547_PNG$,https://images.samsung.com/is/image/samsung/p6pim/in/qa50q7faaulxl/gallery/in-qled-q7f-qa50q7faaulxl-546083306?$Q90_684_547_JPG$,,,,,,,,,,,,,
SAM_QLED TV Q8F,SAM-QLED 4K TV,Samsung QLED 4K Smart TV,Samsung,TV,TV & Display,2025,55Q7FAAU,87900,,,4K AI Upscaling & Q-Symphony,QHDR 4K,OTS Lite,Black,Tizen,,55,,Q4 AI,,https://images.samsung.com/is/image/samsung/p6pim/in/qa43q7faaulxl/gallery/in-qled-q7f-qa43q7faaulxl-545419707?$684_547_PNG$,https://images.samsung.com/is/image/samsung/p6pim/in/qa55q7faaulxl/gallery/in-qled-q7f-qa55q7faaulxl-thumb-546089350?$64_64_PNG$,,,,,,,,,,,,,
SAM_QLED TV Q8F,SAM-QLED 4K TV,Samsung QLED 4K Smart TV,Samsung,TV,TV & Display,2025,65Q7FAAU,139900,,,4K AI Upscaling & Q-Symphony,QHDR 4K,OTS Lite,Black,Tizen,,65,,Q4 AI,,https://images.samsung.com/is/image/samsung/p6pim/in/qa43q7faaulxl/gallery/in-qled-q7f-qa43q7faaulxl-545419707?$684_547_PNG$,https://images.samsung.com/is/image/samsung/p6pim/in/qa65q7faaulxl/gallery/in-qled-q7f-qa65q7faaulxl-thumb-546095381?$64_64_PNG$,,,,,,,,,,,,,
SAM_QLED TV Q8F,SAM-QLED 4K TV,Samsung QLED 4K Smart TV,Samsung,TV,TV & Display,2025,75Q7FAAU,209900,,,4K AI Upscaling & Q-Symphony,QHDR 4K,OTS Lite,Black,Tizen,,75,,Q4 AI,,https://images.samsung.com/is/image/samsung/p6pim/in/qa43q7faaulxl/gallery/in-qled-q7f-qa43q7faaulxl-545419707?$684_547_PNG$,,,,,,,,,,,,,,
SAM_QLED TV Q8F,SAM-QLED 4K TV,Samsung QLED 4K Smart TV,Samsung,TV,TV & Display,2025,85Q7FAAU,369900,,,4K AI Upscaling & Q-Symphony,QHDR 4K,OTS Lite,Black,Tizen,,85,,Q4 AI,,https://images.samsung.com/is/image/samsung/p6pim/in/qa43q7faaulxl/gallery/in-qled-q7f-qa43q7faaulxl-545419707?$684_547_PNG$,https://images.samsung.com/is/image/samsung/p6pim/in/qa85q7faauxxl/gallery/in-qled-tv-qa85q7faauxxl-qa--q-faaulxl-thumb-546224515?$64_64_PNG$,,,,,,,,,,,,,
,,,,,,,,,,,,,,,,,,,,,,,,,,,,,,,,,,,
SAM_QLED TV QEF1,SAM-QLED 4K TV,Samsung QLED 4K Vision AI Smart TV,Samsung,TV,TV & Display,2025,43Q3EF1AU,54900,,,4K Upscaling & Q-Symphony,QHDR 4K,OTS Lite,Titan Gray,Tizen,,43,,Q4 AI,,,,,,,,,,,,,,,,
SAM_QLED TV QEF2,SAM-QLED 4K TV,Samsung QLED 4K Vision AI Smart TV,Samsung,TV,TV & Display,2025,55Q3EF1AU,81900,,,4K Upscaling & Q-Symphony,QHDR 4K,OTS Lite,Titan Gray,Tizen,,55,,Q4 AI,,,,,,,,,,,,,,,,
SAM_QLED TV QEF3,SAM-QLED 4K TV,Samsung QLED 4K Vision AI Smart TV,Samsung,TV,TV & Display,2025,65Q3EF1AU,124900,,,4K Upscaling & Q-Symphony,QHDR 4K,OTS Lite,Titan Gray,Tizen,,65,,Q4 AI,,,,,,,,,,,,,,,,
SAM_QLED TV QEF4,SAM-QLED 4K TV,Samsung QLED 4K Vision AI Smart TV,Samsung,TV,TV & Display,2025,75Q3EF1AU,,,,4K Upscaling & Q-Symphony,QHDR 4K,OTS Lite,Titan Gray,Tizen,,75,,Q4 AI,,,,,,,,,,,,,,,,
,,,,,,,,,,,,,,,,,,,,,,,,,,,,,,,,,,,
,,,,,,,,,,,,,,,,,,,,,,,,,,,,,,,,,,,
SAM_UHD_LED TV ,SAM-UHD 4K Smart TV,Samsung Crystal UHD 4K Smart TV,Samsung,TV,TV & Display,2025,43UE81AFU,42900,,,4K Upscaling & Q-Symphony,HDR 4K,OTS Lite,Black,Tizen,,43,,Crystal Processor 4K,,https://images.samsung.com/is/image/samsung/p6pim/in/ua65ue81afulxl/gallery/in-uhd-u8100f-ua65ue81afulxl-545970095?$684_547_PNG$,https://images.samsung.com/is/image/samsung/p6pim/in/ua65ue81afulxl/gallery/in-uhd-u8100f-ua65ue81afulxl-545970082?$Q90_684_547_JPG$,https://images.samsung.com/is/image/samsung/p6pim/in/ua43ue81afulxl/gallery/in-uhd-u8100f-ua43ue81afulxl-547959665?$684_547_PNG$,https://images.samsung.com/is/image/samsung/p6pim/in/feature/166034552/in-feature-the-best-in-class--crystal-clear-choice-545970099?$FB_TYPE_K_JPG$,,,,,,,,,,,
SAM_UHD_LED TV ,SAM-UHD 4K Smart TV,Samsung Crystal UHD 4K Smart TV,Samsung,TV,TV & Display,2025,50UE81AFU,54900,,,4K Upscaling & Q-Symphony,HDR 4K,OTS Lite,Black,Tizen,,50,,Crystal Processor 4K,,https://images.samsung.com/is/image/samsung/p6pim/in/ua65ue81afulxl/gallery/in-uhd-u8100f-ua65ue81afulxl-545970095?$684_547_PNG$,https://images.samsung.com/is/image/samsung/p6pim/in/ua65ue81afulxl/gallery/in-uhd-u8100f-ua65ue81afulxl-545970082?$Q90_684_547_JPG$,https://images.samsung.com/is/image/samsung/p6pim/in/ua43ue81afulxl/gallery/in-uhd-u8100f-ua43ue81afulxl-547959665?$684_547_PNG$,https://images.samsung.com/is/image/samsung/p6pim/in/feature/166034552/in-feature-the-best-in-class--crystal-clear-choice-545970099?$FB_TYPE_K_JPG$,,,,,,,,,,,
SAM_UHD_LED TV ,SAM-UHD 4K Smart TV,Samsung Crystal UHD 4K Smart TV,Samsung,TV,TV & Display,2025,55UE81AFU,59900,,,4K Upscaling & Q-Symphony,HDR 4K,OTS Lite,Black,Tizen,,55,,Crystal Processor 4K,,https://images.samsung.com/is/image/samsung/p6pim/in/ua65ue81afulxl/gallery/in-uhd-u8100f-ua65ue81afulxl-545970095?$684_547_PNG$,https://images.samsung.com/is/image/samsung/p6pim/in/ua65ue81afulxl/gallery/in-uhd-u8100f-ua65ue81afulxl-545970082?$Q90_684_547_JPG$,https://images.samsung.com/is/image/samsung/p6pim/in/ua43ue81afulxl/gallery/in-uhd-u8100f-ua43ue81afulxl-547959665?$684_547_PNG$,https://images.samsung.com/is/image/samsung/p6pim/in/feature/166034552/in-feature-the-best-in-class--crystal-clear-choice-545970099?$FB_TYPE_K_JPG$,,,,,,,,,,,
SAM_UHD_LED TV ,SAM-UHD 4K Smart TV,Samsung Crystal UHD 4K Smart TV,Samsung,TV,TV & Display,2025,65UE81AFU,92900,,,4K Upscaling & Q-Symphony,HDR 4K,OTS Lite,Black,Tizen,,65,,Crystal Processor 4K,,https://images.samsung.com/is/image/samsung/p6pim/in/ua65ue81afulxl/gallery/in-uhd-u8100f-ua65ue81afulxl-545970095?$684_547_PNG$,https://images.samsung.com/is/image/samsung/p6pim/in/ua65ue81afulxl/gallery/in-uhd-u8100f-ua65ue81afulxl-545970082?$Q90_684_547_JPG$,https://images.samsung.com/is/image/samsung/p6pim/in/ua43ue81afulxl/gallery/in-uhd-u8100f-ua43ue81afulxl-547959665?$684_547_PNG$,https://images.samsung.com/is/image/samsung/p6pim/in/feature/166034552/in-feature-the-best-in-class--crystal-clear-choice-545970099?$FB_TYPE_K_JPG$,,,,,,,,,,,
,,,,,,,,,,,,,,,,,,,,,,,,,,,,,,,,,,,
SAM_UHD_LED TV ,SAM-UHD 4K Smart TV,Samsung Crystal UHD 4K Smart TV,Samsung,TV,TV & Display,2025,43UE84AFU,44900,,,4K Upscaling & Voice assistance,HDR 4K,OTS Lite,Black,Tizen,,43,,Crystal Processor 4K,,https://images.samsung.com/is/image/samsung/p6pim/in/ua65ue81afulxl/gallery/in-uhd-u8100f-ua65ue81afulxl-545970095?$684_547_PNG$,https://images.samsung.com/is/image/samsung/p6pim/in/ua65ue81afulxl/gallery/in-uhd-u8100f-ua65ue81afulxl-545970082?$Q90_684_547_JPG$,https://images.samsung.com/is/image/samsung/p6pim/in/ua43ue81afulxl/gallery/in-uhd-u8100f-ua43ue81afulxl-547959665?$684_547_PNG$,https://images.samsung.com/is/image/samsung/p6pim/in/feature/166034552/in-feature-the-best-in-class--crystal-clear-choice-545970099?$FB_TYPE_K_JPG$,,,,,,,,,,,
SAM_UHD_LED TV ,SAM-UHD 4K Smart TV,Samsung Crystal UHD 4K Smart TV,Samsung,TV,TV & Display,2025,50UE84AFU,,,,4K Upscaling & Voice assistance,HDR 4K,OTS Lite,Black,Tizen,,50,,Crystal Processor 4K,,https://images.samsung.com/is/image/samsung/p6pim/in/ua65ue81afulxl/gallery/in-uhd-u8100f-ua65ue81afulxl-545970095?$684_547_PNG$,https://images.samsung.com/is/image/samsung/p6pim/in/ua65ue81afulxl/gallery/in-uhd-u8100f-ua65ue81afulxl-545970082?$Q90_684_547_JPG$,https://images.samsung.com/is/image/samsung/p6pim/in/ua43ue81afulxl/gallery/in-uhd-u8100f-ua43ue81afulxl-547959665?$684_547_PNG$,https://images.samsung.com/is/image/samsung/p6pim/in/feature/166034552/in-feature-the-best-in-class--crystal-clear-choice-545970099?$FB_TYPE_K_JPG$,,,,,,,,,,,
SAM_UHD_LED TV ,SAM-UHD 4K Smart TV,Samsung Crystal UHD 4K Smart TV,Samsung,TV,TV & Display,2025,55UE84AFU,61900,,,4K Upscaling & Voice assistance,HDR 4K,OTS Lite,Black,Tizen,,55,,Crystal Processor 4K,,https://images.samsung.com/is/image/samsung/p6pim/in/ua65ue81afulxl/gallery/in-uhd-u8100f-ua65ue81afulxl-545970095?$684_547_PNG$,https://images.samsung.com/is/image/samsung/p6pim/in/ua65ue81afulxl/gallery/in-uhd-u8100f-ua65ue81afulxl-545970082?$Q90_684_547_JPG$,https://images.samsung.com/is/image/samsung/p6pim/in/ua43ue81afulxl/gallery/in-uhd-u8100f-ua43ue81afulxl-547959665?$684_547_PNG$,https://images.samsung.com/is/image/samsung/p6pim/in/feature/166034552/in-feature-the-best-in-class--crystal-clear-choice-545970099?$FB_TYPE_K_JPG$,,,,,,,,,,,
SAM_UHD_LED TV ,SAM-UHD 4K Smart TV,Samsung Crystal UHD 4K Smart TV,Samsung,TV,TV & Display,2025,65UE84AFU,92900,,,4K Upscaling & Voice assistance,HDR 4K,OTS Lite,Black,Tizen,,65,,Crystal Processor 4K,,https://images.samsung.com/is/image/samsung/p6pim/in/ua65ue81afulxl/gallery/in-uhd-u8100f-ua65ue81afulxl-545970095?$684_547_PNG$,https://images.samsung.com/is/image/samsung/p6pim/in/ua65ue81afulxl/gallery/in-uhd-u8100f-ua65ue81afulxl-545970082?$Q90_684_547_JPG$,https://images.samsung.com/is/image/samsung/p6pim/in/ua43ue81afulxl/gallery/in-uhd-u8100f-ua43ue81afulxl-547959665?$684_547_PNG$,https://images.samsung.com/is/image/samsung/p6pim/in/feature/166034552/in-feature-the-best-in-class--crystal-clear-choice-545970099?$FB_TYPE_K_JPG$,,,,,,,,,,,
,,,,,,,,,,,,,,,,,,,,,,,,,,,,,,,,,,,
SAM_UHD_LED TV ,SAM-UHD 4K Smart TV,Samsung Crystal UHD 4K Smart TV,Samsung,TV,TV & Display,2025,43UE86AFU,46900,,,4K Upscaling & Solar Remote,HDR 4K,OTS Lite,Black,Tizen,,43,,Crystal Processor 4K,,https://images.samsung.com/is/image/samsung/p6pim/in/ua65ue81afulxl/gallery/in-uhd-u8100f-ua65ue81afulxl-545970095?$684_547_PNG$,https://images.samsung.com/is/image/samsung/p6pim/in/ua65ue81afulxl/gallery/in-uhd-u8100f-ua65ue81afulxl-545970082?$Q90_684_547_JPG$,https://images.samsung.com/is/image/samsung/p6pim/in/ua43ue81afulxl/gallery/in-uhd-u8100f-ua43ue81afulxl-547959665?$684_547_PNG$,https://images.samsung.com/is/image/samsung/p6pim/in/feature/166034552/in-feature-the-best-in-class--crystal-clear-choice-545970099?$FB_TYPE_K_JPG$,,,,,,,,,,,
SAM_UHD_LED TV ,SAM-UHD 4K Smart TV,Samsung Crystal UHD 4K Smart TV,Samsung,TV,TV & Display,2025,55UE86AFU,63900,,,4K Upscaling & Solar Remote,HDR 4K,OTS Lite,Black,Tizen,,55,,Crystal Processor 4K,,https://images.samsung.com/is/image/samsung/p6pim/in/ua65ue81afulxl/gallery/in-uhd-u8100f-ua65ue81afulxl-545970095?$684_547_PNG$,https://images.samsung.com/is/image/samsung/p6pim/in/ua65ue81afulxl/gallery/in-uhd-u8100f-ua65ue81afulxl-545970082?$Q90_684_547_JPG$,https://images.samsung.com/is/image/samsung/p6pim/in/ua43ue81afulxl/gallery/in-uhd-u8100f-ua43ue81afulxl-547959665?$684_547_PNG$,https://images.samsung.com/is/image/samsung/p6pim/in/feature/166034552/in-feature-the-best-in-class--crystal-clear-choice-545970099?$FB_TYPE_K_JPG$,,,,,,,,,,,
SAM_UHD_LED TV ,SAM-UHD 4K Smart TV,Samsung Crystal UHD 4K Smart TV,Samsung,TV,TV & Display,2025,65UE86AFU,92900,,,4K Upscaling & Solar Remote,HDR 4K,OTS Lite,Black,Tizen,,65,,Crystal Processor 4K,,https://images.samsung.com/is/image/samsung/p6pim/in/ua65ue81afulxl/gallery/in-uhd-u8100f-ua65ue81afulxl-545970095?$684_547_PNG$,https://images.samsung.com/is/image/samsung/p6pim/in/ua65ue81afulxl/gallery/in-uhd-u8100f-ua65ue81afulxl-545970082?$Q90_684_547_JPG$,https://images.samsung.com/is/image/samsung/p6pim/in/ua43ue81afulxl/gallery/in-uhd-u8100f-ua43ue81afulxl-547959665?$684_547_PNG$,https://images.samsung.com/is/image/samsung/p6pim/in/feature/166034552/in-feature-the-best-in-class--crystal-clear-choice-545970099?$FB_TYPE_K_JPG$,,,,,,,,,,,
,,,,,,,,,,,,,,,,,,,,,,,,,,,,,,,,,,,
,,,,,,,,,,,,,,,,,,,,,,,,,,,,,,,,,,,
SAM_QLED TV ,SAM-QLED 4K TV,Samsung QLED 4K The Frame Smart TV,Samsung,TV,TV & Display,2024,43LS03DAU,79900,,,Matte Display | Art Mode | Pantone Validated Colours,Quantum HDR,Adaptive Sound Pro,Black,Tizen,,43,,Matte Display,,https://images.samsung.com/is/image/samsung/p6pim/in/qa50ls03daulxl/gallery/in-the-frame-ls03d-qa50ls03daulxl-540988348?$684_547_PNG$,https://images.samsung.com/is/image/samsung/p6pim/in/qa43ls03daulxl/gallery/in-the-frame-ls03d-qa43ls03daulxl-thumb-542693431?$64_64_PNG$,https://images.samsung.com/is/image/samsung/p6pim/in/feature/164981361/in-feature-the-frame-ls03d-542148956?$FB_TYPE_K_JPG$,,,,,,,,,,,,
SAM_QLED TV ,SAM-QLED 4K TV,Samsung QLED 4K The Frame Smart TV,Samsung,TV,TV & Display,2024,50LS03DAU,94900,,,Matte Display | Art Mode | Pantone Validated Colours,Quantum HDR,Adaptive Sound Pro,Black,Tizen,,50,,Matte Display,,https://images.samsung.com/is/image/samsung/p6pim/in/qa50ls03daulxl/gallery/in-the-frame-ls03d-qa50ls03daulxl-540988348?$684_547_PNG$,https://images.samsung.com/is/image/samsung/p6pim/in/qa50ls03daulxl/gallery/in-the-frame-ls03d-qa50ls03daulxl-542693948?$Q90_684_547_JPG$,https://images.samsung.com/is/image/samsung/p6pim/in/feature/164981361/in-feature-the-frame-ls03d-542148956?$FB_TYPE_K_JPG$,,,,,,,,,,,,
,,,,,,,,,,,,,,,,,,,,,,,,,,,,,,,,,,,
,,,,,,,,,,,,,,,,,,,,,,,,,,,,,,,,,,,
LG Signature OLED 8K(Z3),LG-Signature-OLED,LG Signature OLED 8K TV 222cm (Z3),LG,TV,TV & Display,,,,,,AI Super upscalling 8K,8K 120hz Native,Dolby Atmos,,webOS 23,,88,8K OLED,a9 AI Processor 8K Gen6,,,,,,,,,,,,,,,,
,,,,,,,,,,,,,,,,,,,,,,,,,,,,,,,,,,,
LG OLED evo 4K(C5),LG-OLED-evo,LG OLED evo 4K AI TV ,LG,TV,TV & Display,2025,OLED42C54LA,138290,,,a9 AI Super upscalling 4K,4k Ultra HD 144hz VRR,Dolby Atmos,,webOS 25,,42,4K Ultra HD,a9 AI Processor 4K Gen8,,,,,,,,,,,,,,,,
LG OLED evo 4K(C5),LG-OLED-evo,LG OLED evo 4K AI TV ,LG,TV,TV & Display,2025,OLED77C56LA,543990,,,a9 AI Super upscalling 4K,4k Ultra HD 144hz VRR,Dolby Atmos,,webOS 25,,77,4K Ultra HD,a9 AI Processor 4K Gen8,,,,,,,,,,,,,,,,
LG OLED evo 4K(C5),LG-OLED-evo,LG OLED evo 4K AI TV ,LG,TV,TV & Display,2025,OLED65C56LA,287590,,,a9 AI Super upscalling 4K,4k Ultra HD 144hz VRR,Dolby Atmos,,webOS 25,,65,4K Ultra HD,a9 AI Processor 4K Gen8,,https://www.lg.com/content/dam/channel/wcms/in/images/tv-images/new/OLED42C54LA_2010x1334_1.jpg/jcr:content/renditions/thum-1100x730.jpeg,https://www.lg.com/content/dam/channel/wcms/in/images/tv-images/news/OLED42C54LA-thum-2010x1334.jpg/jcr:content/renditions/thum-1100x730.jpeg,,,,,,,,,,,,,
LG OLED evo 4K(C5),LG-OLED-evo,LG OLED evo 4K AI TV ,LG,TV,TV & Display,2025,OLED55C56LA,212590,,,a9 AI Super upscalling 4K,4k Ultra HD 144hz VRR,Dolby Atmos,,webOS 25,,55,4K Ultra HD,a9 AI Processor 4K Gen8,,,,,,,,,,,,,,,,
LG OLED evo 4K(C5),LG-OLED-evo,LG OLED evo 4K AI TV ,LG,TV,TV & Display,2025,OLED48C56LA,150190,,,a9 AI Super upscalling 4K,4k Ultra HD 144hz VRR,Dolby Atmos,,webOS 25,,48,4K Ultra HD,a9 AI Processor 4K Gen8,,,,,,,,,,,,,,,,
,,,,,,,,,,,,,,,,,,,,,,,,,,,,,,,,,,,
LG OLED evo 4K(G5),LG-OLED-evo,LG OLED evo 4K AI TV ,LG,TV,TV & Display,2025,OLED65G56LA,387190,,,a11 AI Super upscalling 4K ,4k Ultra HD 165hz VRR,Dolby Atmos,,webOS 25,,65,4K Ultra HD,a11 AI Processor 4K Gen2,,,,,,,,,,,,,,,,
LG OLED evo 4K(G5),LG-OLED-evo,LG OLED evo 4K AI TV ,LG,TV,TV & Display,2025,OLED55G56LA,247090,,,a11 AI Super upscalling 4K ,4k Ultra HD 165hz VRR,Dolby Atmos,,webOS 25,,55,4K Ultra HD,a11 AI Processor 4K Gen2,,,,,,,,,,,,,,,,
,,,,,,,,,,,,,,,,,,,,,,,,,,,,,,,,,,,
LG OLED 4K(B5),LG-OLED,LG OLED 4K AI TV ,LG,TV,TV & Display,2025,OLED65B56LA,247990,,,a8 AI Super upscalling 4K ,4k Ultra HD 120hz Native,Dolby Atmos,,webOS 25,,65,4K Ultra HD,a8 AI Processor 4K Gen2,,,,,,,,,,,,,,,,
LG OLED 4K(B5),LG-OLED,LG OLED 4K AI TV ,LG,TV,TV & Display,2025,OLED65B56LA,178790,,,a8 AI Super upscalling 4K ,4k Ultra HD 120hz Native,Dolby Atmos,,webOS 25,,55,4K Ultra HD,a8 AI Processor 4K Gen2,,,,,,,,,,,,,,,,
,,,,,,,,,,,,,,,,,,,,,,,,,,,,,,,,,,,
LG QNED MiniLED,LG-QNED-MiniLED,LG OLED MiniLED AI TV ,LG,TV,TV & Display,2025,65QNED92ALA,193590,,,a8 AI Super upscalling 4K ,4k Ultra HD 120hz Native,Dolby Atmos,,webOS 25,,65,4K Ultra HD,a8 AI Processor 4K Gen2,,https://www.lg.com/content/dam/channel/wcms/in/2025_ms_lg-com/tv/qned-evo/qned92/gp1/gallery/qned92/65-qned92-a/new-gallery/65QNED92ALA-2010x1334.jpg/jcr:content/renditions/thum-1600x1062.jpeg,https://www.lg.com/content/dam/channel/wcms/in/2025_ms_lg-com/tv/qned-evo/qned92/gp1/gallery/qned92/65-qned92-a/gallery/qned-qned92-2025-65-gallery-03.jpg/jcr:content/renditions/thum-1600x1062.jpeg,https://www.lg.com/content/dam/channel/wcms/in/2025_ms_lg-com/tv/qned-evo/qned92/gp1/gallery/qned92/65-qned92-a/gallery/qned-qned92-2025-65-gallery-05.jpg/jcr:content/renditions/thum-1600x1062.jpeg,,,,,,,,,,,,
LG QNED evo,LG-QNED-evo-MiniLED,LG OLED evo MiniLED Smart TV ,LG,TV,TV & Display,2025,65QNED8GA6A,156990,,,a8 AI Super upscalling 4K ,4k Ultra HD 120hz Native,Dolby Atmos,,webOS 25,,65,4K Ultra HD,a8 AI Processor 4K Gen2,,https://www.lg.com/content/dam/channel/wcms/in/images/tv-images/new/65QNED8GA6A_2010x1334_1.jpg/jcr:content/renditions/thum-1600x1062.jpeg,,https://www.lg.com/content/dam/channel/wcms/in/images/tvs/gallery/new/thum-2010x1334.jpg/jcr:content/renditions/thum-1600x1062.jpeg,,,,,,,,,,,,
LG QNED evo,LG-QNED-evo-MiniLED,LG OLED evo MiniLED Smart TV ,LG,TV,TV & Display,2025,55QNED8GA6A,110590,,,a8 AI Super upscalling 4K ,4k Ultra HD 120hz Native,Dolby Atmos,,webOS 25,,55,4K Ultra HD,a8 AI Processor 4K Gen2,,,,,,,,,,,,,,,,
,,,,,,,,,,,,,,,,,,,,,,,,,,,,,,,,,,,
LG QNED MiniLED,LG-QNED-MiniLED,LG OLED MiniLED AI TV ,LG,TV,TV & Display,2025,65QNED92ALA,193590,,,a8 AI Super upscalling 4K ,4k Ultra HD 120hz Native,Dolby Atmos,,webOS 25,,65,4K Ultra HD,a8 AI Processor 4K Gen2,,https://www.lg.com/content/dam/channel/wcms/in/2025_ms_lg-com/tv/qned-evo/qned92/gp1/gallery/qned92/65-qned92-a/new-gallery/65QNED92ALA-2010x1334.jpg/jcr:content/renditions/thum-1600x1062.jpeg,https://www.lg.com/content/dam/channel/wcms/in/2025_ms_lg-com/tv/qned-evo/qned92/gp1/gallery/qned92/65-qned92-a/gallery/qned-qned92-2025-65-gallery-03.jpg/jcr:content/renditions/thum-1600x1062.jpeg,https://www.lg.com/content/dam/channel/wcms/in/2025_ms_lg-com/tv/qned-evo/qned92/gp1/gallery/qned92/65-qned92-a/gallery/qned-qned92-2025-65-gallery-05.jpg/jcr:content/renditions/thum-1600x1062.jpeg,,,,,,,,,,,,
LG QNED MiniLED,LG-QNED-MiniLED,LG OLED MiniLED AI TV ,LG,TV,TV & Display,2025,55QNED92ALA,138290,,,a8 AI Super upscalling 4K ,4k Ultra HD 120hz Native,Dolby Atmos,,webOS 25,,55,4K Ultra HD,a8 AI Processor 4K Gen2,,https://www.lg.com/content/dam/channel/wcms/in/2025_ms_lg-com/tv/qned-evo/qned92/gp1/gallery/qned92/65-qned92-a/new-gallery/65QNED92ALA-2010x1334.jpg/jcr:content/renditions/thum-1600x1062.jpeg,https://www.lg.com/content/dam/channel/wcms/in/2025_ms_lg-com/tv/qned-evo/qned92/gp1/gallery/qned92/65-qned92-a/gallery/qned-qned92-2025-65-gallery-03.jpg/jcr:content/renditions/thum-1600x1062.jpeg,,,,,,,,,,,,,
,,,,,,,,,,,,,,,,,,,,,,,,,,,,,,,,,,,
LG QNED 8AA,LG-QNED-8AA,LG QNED 8AA Smart TV ,LG,TV,TV & Display,2025,65QNED8AA6A,164990,,, Super upscalling 4K ,4k Ultra HD 60hz Native,Dolby Atmos,,webOS 25,,65,4K Ultra HD,a7 AI Processor 4K Gen8,,,,,,,,,,,,,,,,
LG QNED 8AA,LG-QNED-8AA,LG QNED 8AA Smart TV ,LG,TV,TV & Display,2025,55QNED8AA6A,116090,,, Super upscalling 4K ,4k Ultra HD 60hz Native,Dolby Atmos,,webOS 25,,55,4K Ultra HD,a7 AI Processor 4K Gen8,,,,,,,,,,,,,,,,
LG QNED 8AA,LG-QNED-8AA,LG QNED 8AA Smart TV ,LG,TV,TV & Display,2025,43QNED8AA6A,68990,,, Super upscalling 4K ,4k Ultra HD 60hz Native,Dolby Atmos,,webOS 25,,43,4K Ultra HD,a7 AI Processor 4K Gen8,,,,,,,,,,,,,,,,
LG QNED 8GA MiniLED,LG-QNED-8GA-MiniLED,LG OLED 8GA MiniLED Smart TV ,LG,TV,TV & Display,2025,65QNED8GA6A,156690,,,a8 AI Super upscalling 4K ,4k Ultra HD 120hz Native,Dolby Atmos,,webOS 25,,65,4K Ultra HD,a8 AI Processor 4K Gen2,,,,,,,,,,,,,,,,
LG QNED 8GA MiniLED,LG-QNED-8GA-MiniLED,LG OLED 8GA MiniLED Smart TV ,LG,TV,TV & Display,2025,55QNED8GA6A,110590,,,a8 AI Super upscalling 4K ,4k Ultra HD 120hz Native,Dolby Atmos,,webOS 25,,55,4K Ultra HD,a8 AI Processor 4K Gen2,,,,,,,,,,,,,,,,
LG QNED MiniLED,LG-QNED-MiniLED,LG OLED MiniLED AI TV ,LG,TV,TV & Display,,65QNED92ALA,193590,,,a8 AI Super upscalling 4K ,4k Ultra HD 120hz Native,Dolby Atmos,,webOS 25,,65,4K Ultra HD,a8 AI Processor 4K Gen2,,,,,,,,,,,,,,,,
LG QNED MiniLED,LG-QNED-MiniLED,LG OLED MiniLED AI TV ,LG,TV,TV & Display,,55QNED92ALA,138290,,,a8 AI Super upscalling 4K ,4k Ultra HD 120hz Native,Dolby Atmos,,webOS 25,,55,4K Ultra HD,a8 AI Processor 4K Gen2,,,,,,,,,,,,,,,,
,,,,,,,,,,,,,,,,,,,,,,,,,,,,,,,,,,,
LG NANO 83A,LG-Nanocell,LG Nano 83A Smart TV ,LG,TV,TV & Display,,65NANO83A6A,121690,,, Super upscalling 4K ,4k Ultra HD 60hz Native,Dolby Atmos,,webOS 25,,65,,a7 AI Processor 4K Gen8,,,,,,,,,,,,,,,,
LG NANO 83A,LG-Nanocell,LG Nano 83A Smart TV ,LG,TV,TV & Display,,55NANO83A6A,82890,,, Super upscalling 4K ,4k Ultra HD 60hz Native,Dolby Atmos,,webOS 25,,55,,a7 AI Processor 4K Gen8,,,,,,,,,,,,,,,,
LG NANO 83A,LG-Nanocell,LG Nano 83A Smart TV ,LG,TV,TV & Display,,43NANO83A6A,56190,,, Super upscalling 4K ,4k Ultra HD 60hz Native,Dolby Atmos,,webOS 25,,43,,a7 AI Processor 4K Gen8,,,,,,,,,,,,,,,,
,,,,,,,,,,,,,,,,,,,,,,,,,,,,,,,,,,,
LG 4K UHD,LG-4K-UHD,LG UHD 4K AI Smart TV ,LG,TV,TV & Display,2025,65UA82006LA,105990,,, Super upscalling 4K ,4k Ultra HD 60hz Native,Dolby Atmos,,webOS 25,,65,,a7 AI Processor 4K Gen8,,,,,,,,,,,,,,,,
LG 4K UHD,LG-4K-UHD,LG UHD 4K AI Smart TV ,LG,TV,TV & Display,2025,55UA82006LA,66290,,, Super upscalling 4K ,4k Ultra HD 60hz Native,Dolby Atmos,,webOS 25,,55,,a7 AI Processor 4K Gen8,,,,,,,,,,,,,,,,
LG 4K UHD,LG-4K-UHD,LG UHD 4K AI Smart TV ,LG,TV,TV & Display,2025,50UA82006LA,64490,,, Super upscalling 4K ,4k Ultra HD 60hz Native,Dolby Atmos,,webOS 25,,50,,a7 AI Processor 4K Gen8,,,,,,,,,,,,,,,,
LG 4K UHD,LG-4K-UHD,LG UHD 4K AI Smart TV ,LG,TV,TV & Display,2025,43UA82006LA,46090,,, Super upscalling 4K ,4k Ultra HD 60hz Native,Dolby Atmos,,webOS 25,,43,,a7 AI Processor 4K Gen8,,,,,,,,,,,,,,,,
LG 4K UHD,LG-4K-UHD,LG UHD 4K AI TV ,LG,TV,TV & Display,2025,65UA83006LA,96790,,, Super upscalling 4K ,4k Ultra HD 60hz Native,Dolby Atmos,,webOS 25,,65,,a7 AI Processor 4K Gen8,,,,,,,,,,,,,,,,
LG 4K UHD,LG-4K-UHD,LG UHD 4K AI TV ,LG,TV,TV & Display,2025,55UA83006LA,72790,,, Super upscalling 4K ,4k Ultra HD 60hz Native,Dolby Atmos,,webOS 25,,55,,a7 AI Processor 4K Gen8,,,,,,,,,,,,,,,,
LG 4K UHD,LG-4K-UHD,LG UHD 4K AI TV ,LG,TV,TV & Display,2025,50UA83006LA,62690,,, Super upscalling 4K ,4k Ultra HD 60hz Native,Dolby Atmos,,webOS 25,,50,,a7 AI Processor 4K Gen8,,,,,,,,,,,,,,,,
LG 4K UHD,LG-4K-UHD,LG UHD 4K AI TV ,LG,TV,TV & Display,2025,43UA83006LA,48790,,, Super upscalling 4K ,4k Ultra HD 60hz Native,Dolby Atmos,,webOS 25,,43,,a7 AI Processor 4K Gen8,,,,,,,,,,,,,,,,
LG 4K UHD,LG-4K-UHD,LG UHD 4K AI TV ,LG,TV,TV & Display,2025,43UT73006LA,54390,,, Super upscalling 4K ,4k Ultra HD 60hz Native,Dolby Atmos,,webOS 25,,43,,a5 AI Processor 4K Gen7,,,,,,,,,,,,,,,,
,,,,,,,,,,,,,,,,,,,,,,,,,,,,,,,,,,,
LG HD,LG-HD-TV,LG HD Smart TV ,LG,TV,TV & Display,2025,32LR570B6LA,21240,,,Resolution Upscaller,HD 60hz Native,AI Sound,,webOS 23,,32,,a5 AI Processor Gen6,,,,,,,,,,,,,,,,
LG HD,LG-HD-TV,LG HD Smart TV ,LG,TV,TV & Display,2025,32LR600B6LC,20990,,,Resolution Upscaller,HD 60hz Native,AI Sound,,webOS 23,,32,,a5 AI Processor Gen6,,,,,,,,,,,,,,,,
LG FHD,LG-FHD-TV,LG FHD Smart TV ,LG,TV,TV & Display,2025,43LR56006LC,37790,,,Resolution Upscaller,FHD 60hz Native,AI Sound,,webOS 23,,43,,a5 AI Processor Gen6,,,,,,,,,,,,,,,,
,,,,,,,,,,,,,,,,,,,,,,,,,,,,,,,,,,,
LG UHD,LG-UHD-TV,LG UHD AI TV ,LG,TV,TV & Display,2025,65UA83006LA,96790,,, Super upscalling 4K ,4k Ultra HD 60hz Native,Dolby Atmos,,webOS 25,,65,,a7 AI Processor 4K Gen8,https://www.lg.com/content/dam/channel/wcms/in/images/tv-images/new-features/65UA83006LA_2010x1334_1.jpg/jcr:content/renditions/thum-1100x730.jpeg?w=700,,https://www.lg.com/content/dam/channel/wcms/in/gallerynew/65UA83006LA-2010X1334.jpg/jcr:content/renditions/thum-1100x730.jpeg?w=700,,,,,,,,,,,,,
LG UHD,LG-UHD-TV,LG UHD AI TV ,LG,TV,TV & Display,2025,55UA83006LA,72790,,, Super upscalling 4K ,4k Ultra HD 60hz Native,Dolby Atmos,,webOS 25,,55,,a7 AI Processor 4K Gen8,https://www.lg.com/content/dam/channel/wcms/in/images/tv-images/new-features/65UA83006LA_2010x1334_1.jpg/jcr:content/renditions/thum-1100x730.jpeg?w=701,,https://www.lg.com/content/dam/channel/wcms/in/gallerynew/55UA83006LA-2010X1334.jpg/jcr:content/renditions/thum-1100x730.jpeg?w=700,,,,,,,,,,,,,
LG UHD,LG-UHD-TV,LG UHD AI TV ,LG,TV,TV & Display,2025,50UA83006LA,62690,,, Super upscalling 4K ,4k Ultra HD 60hz Native,Dolby Atmos,,webOS 25,,50,,a7 AI Processor 4K Gen8,https://www.lg.com/content/dam/channel/wcms/in/images/tv-images/new-features/65UA83006LA_2010x1334_1.jpg/jcr:content/renditions/thum-1100x730.jpeg?w=702,,https://www.lg.com/content/dam/channel/wcms/in/gallerynew/50UA83006LA-2010X1334.jpg/jcr:content/renditions/thum-1100x730.jpeg?w=700,,,,,,,,,,,,,
LG UHD,LG-UHD-TV,LG UHD AI TV ,LG,TV,TV & Display,2025,643UA83006LA,48790,,, Super upscalling 4K ,4k Ultra HD 60hz Native,Dolby Atmos,,webOS 25,,43,,a7 AI Processor 4K Gen8,https://www.lg.com/content/dam/channel/wcms/in/images/tv-images/new-features/65UA83006LA_2010x1334_1.jpg/jcr:content/renditions/thum-1100x730.jpeg?w=703,,https://www.lg.com/content/dam/channel/wcms/in/gallerynew/43UA83006LA-2010X1334.jpg/jcr:content/renditions/thum-1100x730.jpeg?w=700,,,,,,,,,,,,,