SKU,Parent_SKU,Product_Name,Brand,Category,Sub_Category,Model_Number,MRP,Selling_Price,Stock_Quantity,Attribute_Color,Attribute_Target Audience,Filter_OS,Filter_Display type,Filter_Screen size,Attribute_Dial shape,Filter_Usage,Filter_Battery Backup,Short_Description,Long_Description,Whats_In_The_Box,Image_URL_1,Image_URL_2,Image_URL_3,Image_URL_4,Image_URL_5,Image_URL_6,Video_URL_1,Video_URL_2,HSN_Code,GST_Rate,Shipping_Weight_kg,Shipping_Dimensions_cm,URL_Slug,Meta_Title,Meta_Description
Samsung_Galaxy_Watch8(4.0),S-Galaxy-Watch8,Samsung Galaxy Watch8,Samasung,Watch,Wearables,SM-L320NZSA,Bluetooth-38999,,,Silver,Male/Female,Wear OS Powered by Samsung,Super Amoled,3.4,,"Wi-Fi, Bluetooth",Up to 40h,,,,,,,,,,,,,,,,,,
Samsung_Galaxy_Watch8(4.0),S-Galaxy-Watch8,Samsung Galaxy Watch8,Samasung,Watch,Wearables,SM-L320NDAA,Bluetooth-38999,,,Graphite,Male/Female,Wear OS Powered by Samsung,Super Amoled,3.4,,"Wi-Fi, Bluetooth",Up to 40h,,,,,,,,,,,,,,,,,,
Samsung_Galaxy_Watch8(4.0),S-Galaxy-Watch8,Samsung Galaxy Watch8,Samasung,Watch,Wearables,SM-L325FZSA,4G-42999,,,Silver,Male/Female,Wear OS Powered by Samsung,Super Amoled,3.4,,"Wi-Fi, Bluetooth",Up to 30h,,,,,,,,,,,,,,,,,,
Samsung_Galaxy_Watch8(4.0),S-Galaxy-Watch8,Samsung Galaxy Watch8,Samasung,Watch,Wearables,,,,,Graphite,Male/Female,Wear OS Powered by Samsung,Super Amoled,3.4,,"Wi-Fi, Bluetooth",Up to 30h,,,,,,,,,,,,,,,,,,
,,,,,,,,,,,,,,,,,,,,,,,,,,,,,,,,,,,
Samsung_Galaxy_Watch8(4.6),S-Galaxy-Watch10,Samsung Galaxy Watch10,Samasung,Watch,Wearables,,,,,Silver,,,,,,,,,,,,,,,,,,,,,,,,,
Samsung_Galaxy_Watch8(4.0),S-Galaxy-Watch11,Samsung Galaxy Watch11,Samasung,Watch,Wearables,,,,,Graphite,,,,,,,,,,,,,,,,,,,,,,,,,
Samsung_Galaxy_Watch8(4.4),S-Galaxy-Watch12,Samsung Galaxy Watch12,Samasung,Watch,Wearables,,,,,Graphite,,,,,,,,,,,,,,,,,,,,,,,,,
Samsung_Galaxy_Watch8(4.6),S-Galaxy-Watch13,Samsung Galaxy Watch13,Samasung,Watch,Wearables,,,,,Graphite,,,,,,,,,,,,,,,,,,,,,,,,,
,,,,,,,,,,,,,,,,,,,,,,,,,,,,,,,,,,,
,,,,,,,,,,,,,,,,,,,,,,,,,,,,,,,,,,,
,,,,,,,,,,,,,,,,,,,,,,,,,,,,,,,,,,,
,,,,,,,,,,,,,,,,,,,,,,,,,,,,,,,,,,,
,,,,,,,,,,,,,,,,,,,,,,,,,,,,,,,,,,,
,,,,,,,,,,,,,,,,,,,,,,,,,,,,,,,,,,,
,,,,,,,,,,,,,,,,,,,,,,,,,,,,,,,,,,,
,,,,,,,,,,,,,,,,,,,,,,,,,,,,,,,,,,,
,,,,,,,,,,,,,,,,,,,,,,,,,,,,,,,,,,,
,,,,,,,,,,,,,,,,,,,,,,,,,,,,,,,,,,,
,,,,,,,,,,,,,,,,,,,,,,,,,,,,,,,,,,,
,,,,,,,,,,,,,,,,,,,,,,,,,,,,,,,,,,,
,,,,,,,,,,,,,,,,,,,,,,,,,,,,,,,,,,,
,,,,,,,,,,,,,,,,,,,,,,,,,,,,,,,,,,,
,,,,,,,,,,,,,,,,,,,,,,,,,,,,,,,,,,,
,,,,,,,,,,,,,,,,,,,,,,,,,,,,,,,,,,,
,,,,,,,,,,,,,,,,,,,,,,,,,,,,,,,,,,,
,,,,,,,,,,,,,,,,,,,,,,,,,,,,,,,,,,,
,,,,,,,,,,,,,,,,,,,,,,,,,,,,,,,,,,,
,,,,,,,,,,,,,,,,,,,,,,,,,,,,,,,,,,,
,,,,,,,,,,,,,,,,,,,,,,,,,,,,,,,,,,,
,,,,,,,,,,,,,,,,,,,,,,,,,,,,,,,,,,,
,,,,,,,,,,,,,,,,,,,,,,,,,,,,,,,,,,,
,,,,,,,,,,,,,,,,,,,,,,,,,,,,,,,,,,,
,,,,,,,,,,,,,,,,,,,,,,,,,,,,,,,,,,,
,,,,,,,,,,,,,,,,,,,,,,,,,,,,,,,,,,,
,,,,,,,,,,,,,,,,,,,,,,,,,,,,,,,,,,,
,,,,,,,,,,,,,,,,,,,,,,,,,,,,,,,,,,,
,,,,,,,,,,,,,,,,,,,,,,,,,,,,,,,,,,,
,,,,,,,,,,,,,,,,,,,,,,,,,,,,,,,,,,,
,,,,,,,,,,,,,,,,,,,,,,,,,,,,,,,,,,,
,,,,,,,,,,,,,,,,,,,,,,,,,,,,,,,,,,,
,,,,,,,,,,,,,,,,,,,,,,,,,,,,,,,,,,,
,,,,,,,,,,,,,,,,,,,,,,,,,,,,,,,,,,,
,,,,,,,,,,,,,,,,,,,,,,,,,,,,,,,,,,,
,,,,,,,,,,,,,,,,,,,,,,,,,,,,,,,,,,,
,,,,,,,,,,,,,,,,,,,,,,,,,,,,,,,,,,,
,,,,,,,,,,,,,,,,,,,,,,,,,,,,,,,,,,,
,,,,,,,,,,,,,,,,,,,,,,,,,,,,,,,,,,,
,,,,,,,,,,,,,,,,,,,,,,,,,,,,,,,,,,,
,,,,,,,,,,,,,,,,,,,,,,,,,,,,,,,,,,,
,,,,,,,,,,,,,,,,,,,,,,,,,,,,,,,,,,,
,,,,,,,,,,,,,,,,,,,,,,,,,,,,,,,,,,,
,,,,,,,,,,,,,,,,,,,,,,,,,,,,,,,,,,,
,,,,,,,,,,,,,,,,,,,,,,,,,,,,,,,,,,,
,,,,,,,,,,,,,,,,,,,,,,,,,,,,,,,,,,,
,,,,,,,,,,,,,,,,,,,,,,,,,,,,,,,,,,,
,,,,,,,,,,,,,,,,,,,,,,,,,,,,,,,,,,,
,,,,,,,,,,,,,,,,,,,,,,,,,,,,,,,,,,,
,,,,,,,,,,,,,,,,,,,,,,,,,,,,,,,,,,,
,,,,,,,,,,,,,,,,,,,,,,,,,,,,,,,,,,,
,,,,,,,,,,,,,,,,,,,,,,,,,,,,,,,,,,,
,,,,,,,,,,,,,,,,,,,,,,,,,,,,,,,,,,,
,,,,,,,,,,,,,,,,,,,,,,,,,,,,,,,,,,,
,,,,,,,,,,,,,,,,,,,,,,,,,,,,,,,,,,,
,,,,,,,,,,,,,,,,,,,,,,,,,,,,,,,,,,,
,,,,,,,,,,,,,,,,,,,,,,,,,,,,,,,,,,,
,,,,,,,,,,,,,,,,,,,,,,,,,,,,,,,,,,,
,,,,,,,,,,,,,,,,,,,,,,,,,,,,,,,,,,,
,,,,,,,,,,,,,,,,,,,,,,,,,,,,,,,,,,,
,,,,,,,,,,,,,,,,,,,,,,,,,,,,,,,,,,,
,,,,,,,,,,,,,,,,,,,,,,,,,,,,,,,,,,,
,,,,,,,,,,,,,,,,,,,,,,,,,,,,,,,,,,,
,,,,,,,,,,,,,,,,,,,,,,,,,,,,,,,,,,,
,,,,,,,,,,,,,,,,,,,,,,,,,,,,,,,,,,,
,,,,,,,,,,,,,,,,,,,,,,,,,,,,,,,,,,,
,,,,,,,,,,,,,,,,,,,,,,,,,,,,,,,,,,,
,,,,,,,,,,,,,,,,,,,,,,,,,,,,,,,,,,,
,,,,,,,,,,,,,,,,,,,,,,,,,,,,,,,,,,,
,,,,,,,,,,,,,,,,,,,,,,,,,,,,,,,,,,,
,,,,,,,,,,,,,,,,,,,,,,,,,,,,,,,,,,,
,,,,,,,,,,,,,,,,,,,,,,,,,,,,,,,,,,,
,,,,,,,,,,,,,,,,,,,,,,,,,,,,,,,,,,,
,,,,,,,,,,,,,,,,,,,,,,,,,,,,,,,,,,,
,,,,,,,,,,,,,,,,,,,,,,,,,,,,,,,,,,,
,,,,,,,,,,,,,,,,,,,,,,,,,,,,,,,,,,,
,,,,,,,,,,,,,,,,,,,,,,,,,,,,,,,,,,,
,,,,,,,,,,,,,,,,,,,,,,,,,,,,,,,,,,,
,,,,,,,,,,,,,,,,,,,,,,,,,,,,,,,,,,,
,,,,,,,,,,,,,,,,,,,,,,,,,,,,,,,,,,,
,,,,,,,,,,,,,,,,,,,,,,,,,,,,,,,,,,,
,,,,,,,,,,,,,,,,,,,,,,,,,,,,,,,,,,,
,,,,,,,,,,,,,,,,,,,,,,,,,,,,,,,,,,,
,,,,,,,,,,,,,,,,,,,,,,,,,,,,,,,,,,,
,,,,,,,,,,,,,,,,,,,,,,,,,,,,,,,,,,,
,,,,,,,,,,,,,,,,,,,,,,,,,,,,,,,,,,,
,,,,,,,,,,,,,,,,,,,,,,,,,,,,,,,,,,,
,,,,,,,,,,,,,,,,,,,,,,,,,,,,,,,,,,,
,,,,,,,,,,,,,,,,,,,,,,,,,,,,,,,,,,,
,,,,,,,,,,,,,,,,,,,,,,,,,,,,,,,,,,,
,,,,,,,,,,,,,,,,,,,,,,,,,,,,,,,,,,,
,,,,,,,,,,,,,,,,,,,,,,,,,,,,,,,,,,,
,,,,,,,,,,,,,,,,,,,,,,,,,,,,,,,,,,,
,,,,,,,,,,,,,,,,,,,,,,,,,,,,,,,,,,,
,,,,,,,,,,,,,,,,,,,,,,,,,,,,,,,,,,,
,,,,,,,,,,,,,,,,,,,,,,,,,,,,,,,,,,,
,,,,,,,,,,,,,,,,,,,,,,,,,,,,,,,,,,,
,,,,,,,,,,,,,,,,,,,,,,,,,,,,,,,,,,,
,,,,,,,,,,,,,,,,,,,,,,,,,,,,,,,,,,,
,,,,,,,,,,,,,,,,,,,,,,,,,,,,,,,,,,,
,,,,,,,,,,,,,,,,,,,,,,,,,,,,,,,,,,,
,,,,,,,,,,,,,,,,,,,,,,,,,,,,,,,,,,,
,,,,,,,,,,,,,,,,,,,,,,,,,,,,,,,,,,,
,,,,,,,,,,,,,,,,,,,,,,,,,,,,,,,,,,,
,,,,,,,,,,,,,,,,,,,,,,,,,,,,,,,,,,,
,,,,,,,,,,,,,,,,,,,,,,,,,,,,,,,,,,,
,,,,,,,,,,,,,,,,,,,,,,,,,,,,,,,,,,,
,,,,,,,,,,,,,,,,,,,,,,,,,,,,,,,,,,,
,,,,,,,,,,,,,,,,,,,,,,,,,,,,,,,,,,,
Apple-W-S11-Aluminium,Apple-Watch-Series 11,Apple Watch,Apple,Watch,Wearables,Series 11,59900,,,Finish-Space Gray,Men & Women,iOS,OLED Display,46mm,Rectangle,"GPS, Cellular",UP to 24h,,,,,https://store.storeimages.cdn-apple.com/1/as-images.apple.com/is/MXM23ref_FV99_VW_34FR+watch-case-46-aluminum-spacegray-cell-s11_VW_34FR+watch-face-46-aluminum-spacegray-s11_VW_34FR?wid=5120&hei=3280&bgc=fafafa&trim=1&fmt=p-jpg&qlt=80&.v=TnVrdDZWRlZzTURKbHFqOGh0dGpVRW5TeWJ6QW43NUFnQ2V4cmRFc1VnWmlQU0Rqc3FXZ3ZYMmhqV2ErcFBKUlhtVmYyUHFqOUNTcmJjV1J3aGhxNUVkWE5mbUVNaDZkVG5EQjNZYk8rd0NxL1Z3eWtxYXU0N3NJYU8wQzhVc25TQng5SGxaV0RKeTYwcURqYnpPdGJjdkl2ZzJvbHJYeG52b21IUWU1elpodnpMSzRPQjFSblMxeWFGMXBBQlFqUER6eXBiMUlZM2FCVEZYbUgyOUtBZEFEZmZlZ3lPVFpIbEd1V0gyQ0U5M0YwTVJNUGZleGN0WnB3dkliaUlkYQ,https://store.storeimages.cdn-apple.com/1/as-images.apple.com/is/MXM23ref_SR_S10_VW_PF+watch-case-46-aluminum-spacegray-cell-s11_VW_PF+watch-face-46-aluminum-spacegray-s11_VW_PF?wid=5120&hei=3280&bgc=fafafa&trim=1&fmt=p-jpg&qlt=80&.v=bTVPWG9LeURGUk1MeHRrSXdzZHJFek5MS0NHdU9pQ1oreFZMVHc2eWpaOWlQU0Rqc3FXZ3ZYMmhqV2ErcFBKUlhtVmYyUHFqOUNTcmJjV1J3aGhxNUQzT3p3N2pVRjlzOVlYU09nSk1xMnBpUFNEanNxV2d2WDJoaldhK3BQSlJsdHQ3NGt2Z1hGWGF0Z3NZTGlRTEQzY0dmQWU1UUhxNENQZVRyQjk5ZnRCcVBpVENpMUluRnVNbld0T1NWSFh2cXlYK1hMV0U1ZW9xcCtlRHF3V3gyY2xEQTFSTTlGejVrSXBGN25PbzMrMGpSajVNWUo1K040S0ZYc2tiN0lDSQ,,,,,,,,,,,,
Apple-W-S11-Aluminium,Apple-Watch-Series 11,Apple Watch,Apple,Watch,Wearables,Series 11,59900,,,Finish-Silver,Men & Women,iOS,OLED Display,46mm,Rectangle,"GPS, Cellular",UP to 24h,,,,,https://store.storeimages.cdn-apple.com/1/as-images.apple.com/is/MFH04ref_VW_34FR+watch-case-46-aluminum-silver-cell-s11_VW_34FR+watch-face-46-aluminum-silver-s11_VW_34FR?wid=5120&hei=3280&bgc=fafafa&trim=1&fmt=p-jpg&qlt=80&.v=N21EQWhnNEZjUWpGSkdmN0NvUXlpb1JsZGI2R3Y1VHh2WlJISmkwcGQ0V21sYnRuc1ZQRzh5aEVoS2ZQU0lHdTl4TkdmSDFsbTJpekxHNEY4ck5ZaXU5KzR1U0d0Tzdxc2ZyRVJTVEdVeUNEdGJSQ0V4OXlIZVE3OTVyV200b0FGQmg0YVRzOExyeGpobkpMQThhanFKR3ZiM1VVanlXUmVvN3dXbUd0SjFNcDIxSk5peW5HTWQ0c004MmJwMkNtdGl6SHg4ZE5NYmlWSVQ5akRTdGpCYkR5OXlVVE5OSlVBR2VQN2g4VXFBbw,https://store.storeimages.cdn-apple.com/1/as-images.apple.com/is/MFGG4ref_VW_PF+watch-case-42-aluminum-silver-cell-s11_VW_PF+watch-face-42-aluminum-silver-s11_VW_PF?wid=5120&hei=3280&bgc=fafafa&trim=1&fmt=p-jpg&qlt=80&.v=MTR5Z1ljN3Zla0RRR0dWSkVVajJ4SVVOcE83WGlKNGdrUmZtSko3NlRSTFdQbWt0VXJTVFBnNVVIdHRoY1pkaE5VK01iUW85eVE3enJjaU5BZndNRFh1NXJRYmRWQ2dEbHFhWUlDRWJ5K1BQdTdWcEZ6OHhaVVZPTTMrRVk5VUF5cXBqNElXeDFMUkVvYm0vQjlBT3FqUFlvOVNZN3pSZ040MUE4S0I2aFNLSDd4QlRJMGsyaTIwbXJyNEFBKzNPMkRtVGZrK01aSWVBbTRXRXVUZ3VkWXk1RjdmQ2xFK1NKU0lUOWVaVmtmNA,,,,,,,,,,,,
Apple-W-S11-Aluminium,Apple-Watch-Series 11,Apple Watch,Apple,Watch,Wearables,Series 11,59900,,,Finish-Rose Gold,Men & Women,iOS,OLED Display,46mm,Rectangle,"GPS, Cellular",UP to 24h,,,,,https://store.storeimages.cdn-apple.com/1/as-images.apple.com/is/MXM83ref_FV99_VW_34FR+watch-case-46-aluminum-rosegold-cell-s11_VW_34FR+watch-face-46-aluminum-rosegold-s11_VW_34FR?wid=5120&hei=3280&bgc=fafafa&trim=1&fmt=p-jpg&qlt=80&.v=RS9tdlNZM2NaZ0FSNHV6djJaNGYzVW5TeWJ6QW43NUFnQ2V4cmRFc1VnWWYyNHkrWFJNZ1BodmdwcWlUcmtNMlppM1lXRmhZdlNQTkw2SHhtT1JQVkF1Z0RaeFB5LzRxZEliRVE2WkswOWszbGdYditDYm9PMGdkSXc1clpCS1poRjJuUEtLVURqdHZHa2YzcUd1UEdVY0hMR1dFZFdkQ3R4TnRXbGd6S29TVC9JWWVQd1RJN2FJV3BkVTlFVnpaOFQxKzA5WE9TUUw2SnMwSWpvWkpYZGZHcVJEQWdjSlZNRDh0d3E3YU11dnNZdlpKM3VzUTY1bTNHUFNrczJ6aw,https://store.storeimages.cdn-apple.com/1/as-images.apple.com/is/MXM83ref_SR_S10_VW_PF+watch-case-46-aluminum-rosegold-cell-s11_VW_PF+watch-face-46-aluminum-rosegold-s11_VW_PF?wid=5120&hei=3280&bgc=fafafa&trim=1&fmt=p-jpg&qlt=80&.v=Uk1aQWFsZ01hbDB5aTlEcmNLMGo4VE5MS0NHdU9pQ1oreFZMVHc2eWpaOGYyNHkrWFJNZ1BodmdwcWlUcmtNMlppM1lXRmhZdlNQTkw2SHhtT1JQVk4vYkxNR3Btb2VWNjUrRU5wdDMxZ0hiLzMwazFsQmpWNUowMkIwc3EzL0xCa0dveER6SjdXRms3RkNLOUtoNUI2MCtHMVlHSGttWG40UU14R241ekFhYmZuSTdFUnErS0g3SWYxazQrNDdyRzE3K0tORmZaUy9vOVdqTEp2dmJNejYzeU9tazM3Y3R2NEpTSDNrQk5ITUZkbnRuRDhRR1hnOW1JZGF4K0pGRQ,,,,,,,,,,,,
Apple-W-S11-Aluminium,Apple-Watch-Series 11,Apple Watch,Apple,Watch,Wearables,Series 11,59900,,,Finish-Jet Black,Men & Women,iOS,OLED Display,46mm,Rectangle,"GPS, Cellular",UP to 24h,,,,,https://store.storeimages.cdn-apple.com/1/as-images.apple.com/is/MXM23ref_FV99_VW_34FR+watch-case-46-aluminum-jetblack-cell-s11_VW_34FR+watch-face-46-aluminum-jetblack-s11_VW_34FR?wid=5120&hei=3280&bgc=fafafa&trim=1&fmt=p-jpg&qlt=80&.v=TnVrdDZWRlZzTURKbHFqOGh0dGpVRW5TeWJ6QW43NUFnQ2V4cmRFc1VnYUdWejZ5THhpKzJwRmRDYlhxN2o5aSsxa3lRL0RPQXl4d1oyaFZIWm1QL1F1Z0RaeFB5LzRxZEliRVE2WkswOW5YNUh6UG9VcVpLK2VQampYMHFQR0ZjcUFHc2U4eFMrUHFHdndTN3dIcncwY0hMR1dFZFdkQ3R4TnRXbGd6S29TVC9JWWVQd1RJN2FJV3BkVTlFVnpaOFQxKzA5WE9TUUw2SnMwSWpvWkpYZGZHcVJEQWdjSlZNRDh0d3E3YU11dFVueUdCTlNHdWxGREl0QlhhcDdlZA,https://store.storeimages.cdn-apple.com/1/as-images.apple.com/is/MXM23ref_VW_PF+watch-case-46-aluminum-jetblack-cell-s11_VW_PF+watch-face-46-aluminum-jetblack-s11_VW_PF?wid=5120&hei=3280&bgc=fafafa&trim=1&fmt=p-jpg&qlt=80&.v=dklZYUZNcS9xdnU4OCtqbWVvLzZJMXRreTM2N2pLWWsvOHM5SnhLbWtwVzBzdEhEUi9HbWQwY25tcFJvOHJEandGZURyVnhGU0l6SGx5TjB4ZDl6VXVKaWdXRDNscmRteDJHK1hsRU8valB6RnNjRFM3RTZoK29ObjdYZnBmYkREUU1CRGNIa0E5ZDVjd1RIRDZTR2pnQnJKZk9weFpCcmg2bG5rV2xMNlVmYlg5SUJPR0VaZnV5YVlTck5WQzFJWitOTEs5T0laM0FBYmtOdWx0aUJtS2FqYUdNSXA5d1N2bDcwczlPZVJ2UQ,,,,,,,,,,,,
Apple-W-S11-Aluminium,Apple-Watch-Series 11,Apple Watch,Apple,Watch,Wearables,Series 11,49900,,,Finish-Space Gray,Men & Women,iOS,OLED Display,46mm,Rectangle,GPS,UP to 24h,,,,,https://store.storeimages.cdn-apple.com/1/as-images.apple.com/is/MXM23ref_FV99_VW_34FR+watch-case-46-aluminum-spacegray-cell-s11_VW_34FR+watch-face-46-aluminum-spacegray-s11_VW_34FR?wid=5120&hei=3280&bgc=fafafa&trim=1&fmt=p-jpg&qlt=80&.v=TnVrdDZWRlZzTURKbHFqOGh0dGpVRW5TeWJ6QW43NUFnQ2V4cmRFc1VnWmlQU0Rqc3FXZ3ZYMmhqV2ErcFBKUlhtVmYyUHFqOUNTcmJjV1J3aGhxNUVkWE5mbUVNaDZkVG5EQjNZYk8rd0NxL1Z3eWtxYXU0N3NJYU8wQzhVc25TQng5SGxaV0RKeTYwcURqYnpPdGJjdkl2ZzJvbHJYeG52b21IUWU1elpodnpMSzRPQjFSblMxeWFGMXBBQlFqUER6eXBiMUlZM2FCVEZYbUgyOUtBZEFEZmZlZ3lPVFpIbEd1V0gyQ0U5M0YwTVJNUGZleGN0WnB3dkliaUlkYQ,https://store.storeimages.cdn-apple.com/1/as-images.apple.com/is/MXM23ref_SR_S10_VW_PF+watch-case-46-aluminum-spacegray-cell-s11_VW_PF+watch-face-46-aluminum-spacegray-s11_VW_PF?wid=5120&hei=3280&bgc=fafafa&trim=1&fmt=p-jpg&qlt=80&.v=bTVPWG9LeURGUk1MeHRrSXdzZHJFek5MS0NHdU9pQ1oreFZMVHc2eWpaOWlQU0Rqc3FXZ3ZYMmhqV2ErcFBKUlhtVmYyUHFqOUNTcmJjV1J3aGhxNUQzT3p3N2pVRjlzOVlYU09nSk1xMnBpUFNEanNxV2d2WDJoaldhK3BQSlJsdHQ3NGt2Z1hGWGF0Z3NZTGlRTEQzY0dmQWU1UUhxNENQZVRyQjk5ZnRCcVBpVENpMUluRnVNbld0T1NWSFh2cXlYK1hMV0U1ZW9xcCtlRHF3V3gyY2xEQTFSTTlGejVrSXBGN25PbzMrMGpSajVNWUo1K040S0ZYc2tiN0lDSQ,,,,,,,,,,,,
Apple-W-S11-Aluminium,Apple-Watch-Series 11,Apple Watch,Apple,Watch,Wearables,Series 11,49900,,,Finish-Silver,Men & Women,iOS,OLED Display,46mm,Rectangle,GPS,UP to 24h,,,,,https://store.storeimages.cdn-apple.com/1/as-images.apple.com/is/MFH04ref_VW_34FR+watch-case-46-aluminum-silver-cell-s11_VW_34FR+watch-face-46-aluminum-silver-s11_VW_34FR?wid=5120&hei=3280&bgc=fafafa&trim=1&fmt=p-jpg&qlt=80&.v=N21EQWhnNEZjUWpGSkdmN0NvUXlpb1JsZGI2R3Y1VHh2WlJISmkwcGQ0V21sYnRuc1ZQRzh5aEVoS2ZQU0lHdTl4TkdmSDFsbTJpekxHNEY4ck5ZaXU5KzR1U0d0Tzdxc2ZyRVJTVEdVeUNEdGJSQ0V4OXlIZVE3OTVyV200b0FGQmg0YVRzOExyeGpobkpMQThhanFKR3ZiM1VVanlXUmVvN3dXbUd0SjFNcDIxSk5peW5HTWQ0c004MmJwMkNtdGl6SHg4ZE5NYmlWSVQ5akRTdGpCYkR5OXlVVE5OSlVBR2VQN2g4VXFBbw,https://store.storeimages.cdn-apple.com/1/as-images.apple.com/is/MFGG4ref_VW_PF+watch-case-42-aluminum-silver-cell-s11_VW_PF+watch-face-42-aluminum-silver-s11_VW_PF?wid=5120&hei=3280&bgc=fafafa&trim=1&fmt=p-jpg&qlt=80&.v=MTR5Z1ljN3Zla0RRR0dWSkVVajJ4SVVOcE83WGlKNGdrUmZtSko3NlRSTFdQbWt0VXJTVFBnNVVIdHRoY1pkaE5VK01iUW85eVE3enJjaU5BZndNRFh1NXJRYmRWQ2dEbHFhWUlDRWJ5K1BQdTdWcEZ6OHhaVVZPTTMrRVk5VUF5cXBqNElXeDFMUkVvYm0vQjlBT3FqUFlvOVNZN3pSZ040MUE4S0I2aFNLSDd4QlRJMGsyaTIwbXJyNEFBKzNPMkRtVGZrK01aSWVBbTRXRXVUZ3VkWXk1RjdmQ2xFK1NKU0lUOWVaVmtmNA,,,,,,,,,,,,
Apple-W-S11-Aluminium,Apple-Watch-Series 11,Apple Watch,Apple,Watch,Wearables,Series 11,49900,,,Finish-Rose Gold,Men & Women,iOS,OLED Display,46mm,Rectangle,GPS,UP to 24h,,,,,https://store.storeimages.cdn-apple.com/1/as-images.apple.com/is/MXM83ref_FV99_VW_34FR+watch-case-46-aluminum-rosegold-cell-s11_VW_34FR+watch-face-46-aluminum-rosegold-s11_VW_34FR?wid=5120&hei=3280&bgc=fafafa&trim=1&fmt=p-jpg&qlt=80&.v=RS9tdlNZM2NaZ0FSNHV6djJaNGYzVW5TeWJ6QW43NUFnQ2V4cmRFc1VnWWYyNHkrWFJNZ1BodmdwcWlUcmtNMlppM1lXRmhZdlNQTkw2SHhtT1JQVkF1Z0RaeFB5LzRxZEliRVE2WkswOWszbGdYditDYm9PMGdkSXc1clpCS1poRjJuUEtLVURqdHZHa2YzcUd1UEdVY0hMR1dFZFdkQ3R4TnRXbGd6S29TVC9JWWVQd1RJN2FJV3BkVTlFVnpaOFQxKzA5WE9TUUw2SnMwSWpvWkpYZGZHcVJEQWdjSlZNRDh0d3E3YU11dnNZdlpKM3VzUTY1bTNHUFNrczJ6aw,https://store.storeimages.cdn-apple.com/1/as-images.apple.com/is/MXM83ref_SR_S10_VW_PF+watch-case-46-aluminum-rosegold-cell-s11_VW_PF+watch-face-46-aluminum-rosegold-s11_VW_PF?wid=5120&hei=3280&bgc=fafafa&trim=1&fmt=p-jpg&qlt=80&.v=Uk1aQWFsZ01hbDB5aTlEcmNLMGo4VE5MS0NHdU9pQ1oreFZMVHc2eWpaOGYyNHkrWFJNZ1BodmdwcWlUcmtNMlppM1lXRmhZdlNQTkw2SHhtT1JQVk4vYkxNR3Btb2VWNjUrRU5wdDMxZ0hiLzMwazFsQmpWNUowMkIwc3EzL0xCa0dveER6SjdXRms3RkNLOUtoNUI2MCtHMVlHSGttWG40UU14R241ekFhYmZuSTdFUnErS0g3SWYxazQrNDdyRzE3K0tORmZaUy9vOVdqTEp2dmJNejYzeU9tazM3Y3R2NEpTSDNrQk5ITUZkbnRuRDhRR1hnOW1JZGF4K0pGRQ,,,,,,,,,,,,
Apple-W-S11-Aluminium,Apple-Watch-Series 11,Apple Watch,Apple,Watch,Wearables,Series 11,49900,,,Finish-Jet Black,Men & Women,iOS,OLED Display,46mm,Rectangle,GPS,UP to 24h,,,,,https://store.storeimages.cdn-apple.com/1/as-images.apple.com/is/MXM23ref_FV99_VW_34FR+watch-case-46-aluminum-jetblack-cell-s11_VW_34FR+watch-face-46-aluminum-jetblack-s11_VW_34FR?wid=5120&hei=3280&bgc=fafafa&trim=1&fmt=p-jpg&qlt=80&.v=TnVrdDZWRlZzTURKbHFqOGh0dGpVRW5TeWJ6QW43NUFnQ2V4cmRFc1VnYUdWejZ5THhpKzJwRmRDYlhxN2o5aSsxa3lRL0RPQXl4d1oyaFZIWm1QL1F1Z0RaeFB5LzRxZEliRVE2WkswOW5YNUh6UG9VcVpLK2VQampYMHFQR0ZjcUFHc2U4eFMrUHFHdndTN3dIcncwY0hMR1dFZFdkQ3R4TnRXbGd6S29TVC9JWWVQd1RJN2FJV3BkVTlFVnpaOFQxKzA5WE9TUUw2SnMwSWpvWkpYZGZHcVJEQWdjSlZNRDh0d3E3YU11dFVueUdCTlNHdWxGREl0QlhhcDdlZA,https://store.storeimages.cdn-apple.com/1/as-images.apple.com/is/MXM23ref_VW_PF+watch-case-46-aluminum-jetblack-cell-s11_VW_PF+watch-face-46-aluminum-jetblack-s11_VW_PF?wid=5120&hei=3280&bgc=fafafa&trim=1&fmt=p-jpg&qlt=80&.v=dklZYUZNcS9xdnU4OCtqbWVvLzZJMXRreTM2N2pLWWsvOHM5SnhLbWtwVzBzdEhEUi9HbWQwY25tcFJvOHJEandGZURyVnhGU0l6SGx5TjB4ZDl6VXVKaWdXRDNscmRteDJHK1hsRU8valB6RnNjRFM3RTZoK29ObjdYZnBmYkREUU1CRGNIa0E5ZDVjd1RIRDZTR2pnQnJKZk9weFpCcmg2bG5rV2xMNlVmYlg5SUJPR0VaZnV5YVlTck5WQzFJWitOTEs5T0laM0FBYmtOdWx0aUJtS2FqYUdNSXA5d1N2bDcwczlPZVJ2UQ,,,,,,,,,,,,
Apple-W-S11-Aluminium,Apple-Watch-Series 11,Apple Watch,Apple,Watch,Wearables,Series 11,56900,,,Finish-Space Gray,Men & Women,iOS,OLED Display,42mm,Rectangle,"GPS, Cellular",UP to 24h,,,,,https://store.storeimages.cdn-apple.com/1/as-images.apple.com/is/MXM23ref_FV99_VW_34FR+watch-case-46-aluminum-spacegray-cell-s11_VW_34FR+watch-face-46-aluminum-spacegray-s11_VW_34FR?wid=5120&hei=3280&bgc=fafafa&trim=1&fmt=p-jpg&qlt=80&.v=TnVrdDZWRlZzTURKbHFqOGh0dGpVRW5TeWJ6QW43NUFnQ2V4cmRFc1VnWmlQU0Rqc3FXZ3ZYMmhqV2ErcFBKUlhtVmYyUHFqOUNTcmJjV1J3aGhxNUVkWE5mbUVNaDZkVG5EQjNZYk8rd0NxL1Z3eWtxYXU0N3NJYU8wQzhVc25TQng5SGxaV0RKeTYwcURqYnpPdGJjdkl2ZzJvbHJYeG52b21IUWU1elpodnpMSzRPQjFSblMxeWFGMXBBQlFqUER6eXBiMUlZM2FCVEZYbUgyOUtBZEFEZmZlZ3lPVFpIbEd1V0gyQ0U5M0YwTVJNUGZleGN0WnB3dkliaUlkYQ,https://store.storeimages.cdn-apple.com/1/as-images.apple.com/is/MXM23ref_SR_S10_VW_PF+watch-case-46-aluminum-spacegray-cell-s11_VW_PF+watch-face-46-aluminum-spacegray-s11_VW_PF?wid=5120&hei=3280&bgc=fafafa&trim=1&fmt=p-jpg&qlt=80&.v=bTVPWG9LeURGUk1MeHRrSXdzZHJFek5MS0NHdU9pQ1oreFZMVHc2eWpaOWlQU0Rqc3FXZ3ZYMmhqV2ErcFBKUlhtVmYyUHFqOUNTcmJjV1J3aGhxNUQzT3p3N2pVRjlzOVlYU09nSk1xMnBpUFNEanNxV2d2WDJoaldhK3BQSlJsdHQ3NGt2Z1hGWGF0Z3NZTGlRTEQzY0dmQWU1UUhxNENQZVRyQjk5ZnRCcVBpVENpMUluRnVNbld0T1NWSFh2cXlYK1hMV0U1ZW9xcCtlRHF3V3gyY2xEQTFSTTlGejVrSXBGN25PbzMrMGpSajVNWUo1K040S0ZYc2tiN0lDSQ,,,,,,,,,,,,
Apple-W-S11-Aluminium,Apple-Watch-Series 11,Apple Watch,Apple,Watch,Wearables,Series 11,56900,,,Finish-Silver,Men & Women,iOS,OLED Display,42mm,Rectangle,"GPS, Cellular",UP to 24h,,,,,https://store.storeimages.cdn-apple.com/1/as-images.apple.com/is/MFH04ref_VW_34FR+watch-case-46-aluminum-silver-cell-s11_VW_34FR+watch-face-46-aluminum-silver-s11_VW_34FR?wid=5120&hei=3280&bgc=fafafa&trim=1&fmt=p-jpg&qlt=80&.v=N21EQWhnNEZjUWpGSkdmN0NvUXlpb1JsZGI2R3Y1VHh2WlJISmkwcGQ0V21sYnRuc1ZQRzh5aEVoS2ZQU0lHdTl4TkdmSDFsbTJpekxHNEY4ck5ZaXU5KzR1U0d0Tzdxc2ZyRVJTVEdVeUNEdGJSQ0V4OXlIZVE3OTVyV200b0FGQmg0YVRzOExyeGpobkpMQThhanFKR3ZiM1VVanlXUmVvN3dXbUd0SjFNcDIxSk5peW5HTWQ0c004MmJwMkNtdGl6SHg4ZE5NYmlWSVQ5akRTdGpCYkR5OXlVVE5OSlVBR2VQN2g4VXFBbw,https://store.storeimages.cdn-apple.com/1/as-images.apple.com/is/MFGG4ref_VW_PF+watch-case-42-aluminum-silver-cell-s11_VW_PF+watch-face-42-aluminum-silver-s11_VW_PF?wid=5120&hei=3280&bgc=fafafa&trim=1&fmt=p-jpg&qlt=80&.v=MTR5Z1ljN3Zla0RRR0dWSkVVajJ4SVVOcE83WGlKNGdrUmZtSko3NlRSTFdQbWt0VXJTVFBnNVVIdHRoY1pkaE5VK01iUW85eVE3enJjaU5BZndNRFh1NXJRYmRWQ2dEbHFhWUlDRWJ5K1BQdTdWcEZ6OHhaVVZPTTMrRVk5VUF5cXBqNElXeDFMUkVvYm0vQjlBT3FqUFlvOVNZN3pSZ040MUE4S0I2aFNLSDd4QlRJMGsyaTIwbXJyNEFBKzNPMkRtVGZrK01aSWVBbTRXRXVUZ3VkWXk1RjdmQ2xFK1NKU0lUOWVaVmtmNA,,,,,,,,,,,,
Apple-W-S11-Aluminium,Apple-Watch-Series 11,Apple Watch,Apple,Watch,Wearables,Series 11,56900,,,Finish-Rose Gold,Men & Women,iOS,OLED Display,42mm,Rectangle,"GPS, Cellular",UP to 24h,,,,,https://store.storeimages.cdn-apple.com/1/as-images.apple.com/is/MXM83ref_FV99_VW_34FR+watch-case-46-aluminum-rosegold-cell-s11_VW_34FR+watch-face-46-aluminum-rosegold-s11_VW_34FR?wid=5120&hei=3280&bgc=fafafa&trim=1&fmt=p-jpg&qlt=80&.v=RS9tdlNZM2NaZ0FSNHV6djJaNGYzVW5TeWJ6QW43NUFnQ2V4cmRFc1VnWWYyNHkrWFJNZ1BodmdwcWlUcmtNMlppM1lXRmhZdlNQTkw2SHhtT1JQVkF1Z0RaeFB5LzRxZEliRVE2WkswOWszbGdYditDYm9PMGdkSXc1clpCS1poRjJuUEtLVURqdHZHa2YzcUd1UEdVY0hMR1dFZFdkQ3R4TnRXbGd6S29TVC9JWWVQd1RJN2FJV3BkVTlFVnpaOFQxKzA5WE9TUUw2SnMwSWpvWkpYZGZHcVJEQWdjSlZNRDh0d3E3YU11dnNZdlpKM3VzUTY1bTNHUFNrczJ6aw,https://store.storeimages.cdn-apple.com/1/as-images.apple.com/is/MXM83ref_SR_S10_VW_PF+watch-case-46-aluminum-rosegold-cell-s11_VW_PF+watch-face-46-aluminum-rosegold-s11_VW_PF?wid=5120&hei=3280&bgc=fafafa&trim=1&fmt=p-jpg&qlt=80&.v=Uk1aQWFsZ01hbDB5aTlEcmNLMGo4VE5MS0NHdU9pQ1oreFZMVHc2eWpaOGYyNHkrWFJNZ1BodmdwcWlUcmtNMlppM1lXRmhZdlNQTkw2SHhtT1JQVk4vYkxNR3Btb2VWNjUrRU5wdDMxZ0hiLzMwazFsQmpWNUowMkIwc3EzL0xCa0dveER6SjdXRms3RkNLOUtoNUI2MCtHMVlHSGttWG40UU14R241ekFhYmZuSTdFUnErS0g3SWYxazQrNDdyRzE3K0tORmZaUy9vOVdqTEp2dmJNejYzeU9tazM3Y3R2NEpTSDNrQk5ITUZkbnRuRDhRR1hnOW1JZGF4K0pGRQ,,,,,,,,,,,,
Apple-W-S11-Aluminium,Apple-Watch-Series 11,Apple Watch,Apple,Watch,Wearables,Series 11,56900,,,Finish-Jet Black,Men & Women,iOS,OLED Display,42mm,Rectangle,"GPS, Cellular",UP to 24h,,,,,https://store.storeimages.cdn-apple.com/1/as-images.apple.com/is/MXM23ref_FV99_VW_34FR+watch-case-46-aluminum-jetblack-cell-s11_VW_34FR+watch-face-46-aluminum-jetblack-s11_VW_34FR?wid=5120&hei=3280&bgc=fafafa&trim=1&fmt=p-jpg&qlt=80&.v=TnVrdDZWRlZzTURKbHFqOGh0dGpVRW5TeWJ6QW43NUFnQ2V4cmRFc1VnYUdWejZ5THhpKzJwRmRDYlhxN2o5aSsxa3lRL0RPQXl4d1oyaFZIWm1QL1F1Z0RaeFB5LzRxZEliRVE2WkswOW5YNUh6UG9VcVpLK2VQampYMHFQR0ZjcUFHc2U4eFMrUHFHdndTN3dIcncwY0hMR1dFZFdkQ3R4TnRXbGd6S29TVC9JWWVQd1RJN2FJV3BkVTlFVnpaOFQxKzA5WE9TUUw2SnMwSWpvWkpYZGZHcVJEQWdjSlZNRDh0d3E3YU11dFVueUdCTlNHdWxGREl0QlhhcDdlZA,https://store.storeimages.cdn-apple.com/1/as-images.apple.com/is/MXM23ref_VW_PF+watch-case-46-aluminum-jetblack-cell-s11_VW_PF+watch-face-46-aluminum-jetblack-s11_VW_PF?wid=5120&hei=3280&bgc=fafafa&trim=1&fmt=p-jpg&qlt=80&.v=dklZYUZNcS9xdnU4OCtqbWVvLzZJMXRreTM2N2pLWWsvOHM5SnhLbWtwVzBzdEhEUi9HbWQwY25tcFJvOHJEandGZURyVnhGU0l6SGx5TjB4ZDl6VXVKaWdXRDNscmRteDJHK1hsRU8valB6RnNjRFM3RTZoK29ObjdYZnBmYkREUU1CRGNIa0E5ZDVjd1RIRDZTR2pnQnJKZk9weFpCcmg2bG5rV2xMNlVmYlg5SUJPR0VaZnV5YVlTck5WQzFJWitOTEs5T0laM0FBYmtOdWx0aUJtS2FqYUdNSXA5d1N2bDcwczlPZVJ2UQ,,,,,,,,,,,,
Apple-W-S11-Aluminium,Apple-Watch-Series 11,Apple Watch,Apple,Watch,Wearables,Series 11,46900,,,Finish-Space Gray,Men & Women,iOS,OLED Display,42mm,Rectangle,GPS,UP to 24h,,,,,https://store.storeimages.cdn-apple.com/1/as-images.apple.com/is/MXM23ref_FV99_VW_34FR+watch-case-46-aluminum-spacegray-cell-s11_VW_34FR+watch-face-46-aluminum-spacegray-s11_VW_34FR?wid=5120&hei=3280&bgc=fafafa&trim=1&fmt=p-jpg&qlt=80&.v=TnVrdDZWRlZzTURKbHFqOGh0dGpVRW5TeWJ6QW43NUFnQ2V4cmRFc1VnWmlQU0Rqc3FXZ3ZYMmhqV2ErcFBKUlhtVmYyUHFqOUNTcmJjV1J3aGhxNUVkWE5mbUVNaDZkVG5EQjNZYk8rd0NxL1Z3eWtxYXU0N3NJYU8wQzhVc25TQng5SGxaV0RKeTYwcURqYnpPdGJjdkl2ZzJvbHJYeG52b21IUWU1elpodnpMSzRPQjFSblMxeWFGMXBBQlFqUER6eXBiMUlZM2FCVEZYbUgyOUtBZEFEZmZlZ3lPVFpIbEd1V0gyQ0U5M0YwTVJNUGZleGN0WnB3dkliaUlkYQ,https://store.storeimages.cdn-apple.com/1/as-images.apple.com/is/MXM23ref_SR_S10_VW_PF+watch-case-46-aluminum-spacegray-cell-s11_VW_PF+watch-face-46-aluminum-spacegray-s11_VW_PF?wid=5120&hei=3280&bgc=fafafa&trim=1&fmt=p-jpg&qlt=80&.v=bTVPWG9LeURGUk1MeHRrSXdzZHJFek5MS0NHdU9pQ1oreFZMVHc2eWpaOWlQU0Rqc3FXZ3ZYMmhqV2ErcFBKUlhtVmYyUHFqOUNTcmJjV1J3aGhxNUQzT3p3N2pVRjlzOVlYU09nSk1xMnBpUFNEanNxV2d2WDJoaldhK3BQSlJsdHQ3NGt2Z1hGWGF0Z3NZTGlRTEQzY0dmQWU1UUhxNENQZVRyQjk5ZnRCcVBpVENpMUluRnVNbld0T1NWSFh2cXlYK1hMV0U1ZW9xcCtlRHF3V3gyY2xEQTFSTTlGejVrSXBGN25PbzMrMGpSajVNWUo1K040S0ZYc2tiN0lDSQ,,,,,,,,,,,,
Apple-W-S11-Aluminium,Apple-Watch-Series 11,Apple Watch,Apple,Watch,Wearables,Series 11,46900,,,Finish-Silver,Men & Women,iOS,OLED Display,42mm,Rectangle,GPS,UP to 24h,,,,,https://store.storeimages.cdn-apple.com/1/as-images.apple.com/is/MFH04ref_VW_34FR+watch-case-46-aluminum-silver-cell-s11_VW_34FR+watch-face-46-aluminum-silver-s11_VW_34FR?wid=5120&hei=3280&bgc=fafafa&trim=1&fmt=p-jpg&qlt=80&.v=N21EQWhnNEZjUWpGSkdmN0NvUXlpb1JsZGI2R3Y1VHh2WlJISmkwcGQ0V21sYnRuc1ZQRzh5aEVoS2ZQU0lHdTl4TkdmSDFsbTJpekxHNEY4ck5ZaXU5KzR1U0d0Tzdxc2ZyRVJTVEdVeUNEdGJSQ0V4OXlIZVE3OTVyV200b0FGQmg0YVRzOExyeGpobkpMQThhanFKR3ZiM1VVanlXUmVvN3dXbUd0SjFNcDIxSk5peW5HTWQ0c004MmJwMkNtdGl6SHg4ZE5NYmlWSVQ5akRTdGpCYkR5OXlVVE5OSlVBR2VQN2g4VXFBbw,https://store.storeimages.cdn-apple.com/1/as-images.apple.com/is/MFGG4ref_VW_PF+watch-case-42-aluminum-silver-cell-s11_VW_PF+watch-face-42-aluminum-silver-s11_VW_PF?wid=5120&hei=3280&bgc=fafafa&trim=1&fmt=p-jpg&qlt=80&.v=MTR5Z1ljN3Zla0RRR0dWSkVVajJ4SVVOcE83WGlKNGdrUmZtSko3NlRSTFdQbWt0VXJTVFBnNVVIdHRoY1pkaE5VK01iUW85eVE3enJjaU5BZndNRFh1NXJRYmRWQ2dEbHFhWUlDRWJ5K1BQdTdWcEZ6OHhaVVZPTTMrRVk5VUF5cXBqNElXeDFMUkVvYm0vQjlBT3FqUFlvOVNZN3pSZ040MUE4S0I2aFNLSDd4QlRJMGsyaTIwbXJyNEFBKzNPMkRtVGZrK01aSWVBbTRXRXVUZ3VkWXk1RjdmQ2xFK1NKU0lUOWVaVmtmNA,,,,,,,,,,,,
Apple-W-S11-Aluminium,Apple-Watch-Series 11,Apple Watch,Apple,Watch,Wearables,Series 11,46900,,,Finish-Rose Gold,Men & Women,iOS,OLED Display,42mm,Rectangle,GPS,UP to 24h,,,,,https://store.storeimages.cdn-apple.com/1/as-images.apple.com/is/MXM83ref_FV99_VW_34FR+watch-case-46-aluminum-rosegold-cell-s11_VW_34FR+watch-face-46-aluminum-rosegold-s11_VW_34FR?wid=5120&hei=3280&bgc=fafafa&trim=1&fmt=p-jpg&qlt=80&.v=RS9tdlNZM2NaZ0FSNHV6djJaNGYzVW5TeWJ6QW43NUFnQ2V4cmRFc1VnWWYyNHkrWFJNZ1BodmdwcWlUcmtNMlppM1lXRmhZdlNQTkw2SHhtT1JQVkF1Z0RaeFB5LzRxZEliRVE2WkswOWszbGdYditDYm9PMGdkSXc1clpCS1poRjJuUEtLVURqdHZHa2YzcUd1UEdVY0hMR1dFZFdkQ3R4TnRXbGd6S29TVC9JWWVQd1RJN2FJV3BkVTlFVnpaOFQxKzA5WE9TUUw2SnMwSWpvWkpYZGZHcVJEQWdjSlZNRDh0d3E3YU11dnNZdlpKM3VzUTY1bTNHUFNrczJ6aw,https://store.storeimages.cdn-apple.com/1/as-images.apple.com/is/MXM83ref_SR_S10_VW_PF+watch-case-46-aluminum-rosegold-cell-s11_VW_PF+watch-face-46-aluminum-rosegold-s11_VW_PF?wid=5120&hei=3280&bgc=fafafa&trim=1&fmt=p-jpg&qlt=80&.v=Uk1aQWFsZ01hbDB5aTlEcmNLMGo4VE5MS0NHdU9pQ1oreFZMVHc2eWpaOGYyNHkrWFJNZ1BodmdwcWlUcmtNMlppM1lXRmhZdlNQTkw2SHhtT1JQVk4vYkxNR3Btb2VWNjUrRU5wdDMxZ0hiLzMwazFsQmpWNUowMkIwc3EzL0xCa0dveER6SjdXRms3RkNLOUtoNUI2MCtHMVlHSGttWG40UU14R241ekFhYmZuSTdFUnErS0g3SWYxazQrNDdyRzE3K0tORmZaUy9vOVdqTEp2dmJNejYzeU9tazM3Y3R2NEpTSDNrQk5ITUZkbnRuRDhRR1hnOW1JZGF4K0pGRQ,,,,,,,,,,,,
Apple-W-S11-Aluminium,Apple-Watch-Series 11,Apple Watch,Apple,Watch,Wearables,Series 11,46900,,,Finish-Jet Black,Men & Women,iOS,OLED Display,42mm,Rectangle,GPS,UP to 24h,,,,,https://store.storeimages.cdn-apple.com/1/as-images.apple.com/is/MXM23ref_FV99_VW_34FR+watch-case-46-aluminum-jetblack-cell-s11_VW_34FR+watch-face-46-aluminum-jetblack-s11_VW_34FR?wid=5120&hei=3280&bgc=fafafa&trim=1&fmt=p-jpg&qlt=80&.v=TnVrdDZWRlZzTURKbHFqOGh0dGpVRW5TeWJ6QW43NUFnQ2V4cmRFc1VnYUdWejZ5THhpKzJwRmRDYlhxN2o5aSsxa3lRL0RPQXl4d1oyaFZIWm1QL1F1Z0RaeFB5LzRxZEliRVE2WkswOW5YNUh6UG9VcVpLK2VQampYMHFQR0ZjcUFHc2U4eFMrUHFHdndTN3dIcncwY0hMR1dFZFdkQ3R4TnRXbGd6S29TVC9JWWVQd1RJN2FJV3BkVTlFVnpaOFQxKzA5WE9TUUw2SnMwSWpvWkpYZGZHcVJEQWdjSlZNRDh0d3E3YU11dFVueUdCTlNHdWxGREl0QlhhcDdlZA,https://store.storeimages.cdn-apple.com/1/as-images.apple.com/is/MXM23ref_VW_PF+watch-case-46-aluminum-jetblack-cell-s11_VW_PF+watch-face-46-aluminum-jetblack-s11_VW_PF?wid=5120&hei=3280&bgc=fafafa&trim=1&fmt=p-jpg&qlt=80&.v=dklZYUZNcS9xdnU4OCtqbWVvLzZJMXRreTM2N2pLWWsvOHM5SnhLbWtwVzBzdEhEUi9HbWQwY25tcFJvOHJEandGZURyVnhGU0l6SGx5TjB4ZDl6VXVKaWdXRDNscmRteDJHK1hsRU8valB6RnNjRFM3RTZoK29ObjdYZnBmYkREUU1CRGNIa0E5ZDVjd1RIRDZTR2pnQnJKZk9weFpCcmg2bG5rV2xMNlVmYlg5SUJPR0VaZnV5YVlTck5WQzFJWitOTEs5T0laM0FBYmtOdWx0aUJtS2FqYUdNSXA5d1N2bDcwczlPZVJ2UQ,,,,,,,,,,,,
,,,,,,,,,,,,,,,,,,,,,,,,,,,,,,,,,,,
Apple-W-S11-Titanium,Apple-Watch-Series 11,Apple Watch,Apple,Watch,Wearables,Series 11,84900,,,Finish-Natural,Men & Women,iOS,OLED Display,46mm,Rectangle,"GPS, Cellular",UP to 24h,,,,,https://store.storeimages.cdn-apple.com/1/as-images.apple.com/is/s11-case-select-202509-titanium-natural_GEO_IN?wid=5120&hei=3280&fmt=p-jpg&qlt=80&.v=OWZ0bXVDZkl0SldCMWswM0FYcUNTRGh1bWZVcXJZOWpDdUJrUFF5WDVhVDZYbm1LeVo3MXZub3VFSHIyYjNvdHJUNGJWZ1llU1plZmhBekVhZm5NQnJ4YnM0WFduSzYyM1pGalVqQlB0d0p3NWVwL2xuaUgwSC9VK0pFVkZEcll0MUo4VGU1V25QV3ZFN04zMnhla3dB,https://store.storeimages.cdn-apple.com/1/as-images.apple.com/is/s11-case-size-select-202509-titanium-natural-46mm_GEO_IN?wid=4032&hei=3240&fmt=p-jpg&qlt=80&.v=UFd5c0w0Q1h4Zlp0b0lmaDI3Q0E3V3FCTC9SajJ6TTYrdGhONXg3MDM4TjY1SmZVMUhGUTRhUGV4bVZ0OEhrVFF0a2ZYeXlXM0crL0VtUGpweGNkNnhXT1BGZCt5NUlFNlh2d2d4a251ZVQxcjBVRyswWG14bEI4WVZBcUIybEZMMUM1Rm5zYnhNTFBicElzQysyZ3hB,,,,,,,,,,,,
Apple-W-S11-Titanium,Apple-Watch-Series 11,Apple Watch,Apple,Watch,Wearables,Series 11,84900,,,Finish-Gold,Men & Women,iOS,OLED Display,46mm,Rectangle,"GPS, Cellular",UP to 24h,,,,,https://store.storeimages.cdn-apple.com/1/as-images.apple.com/is/s11-case-select-202509-titanium-gold_GEO_IN?wid=5120&hei=3280&fmt=p-jpg&qlt=80&.v=OWZ0bXVDZkl0SldCMWswM0FYcUNTRGh1bWZVcXJZOWpDdUJrUFF5WDVhUzJkclAxa2MzZTlob0hXaGR0OVBDR0tZMGFKbG9yanhQdjZDS1dZUFFhRWJZc3g4ZkhUVEc0bFNFL1l3MHJZd1ZuUVZncmZEZDBsT3RRTWwrZS9EN1Q,https://store.storeimages.cdn-apple.com/1/as-images.apple.com/is/s11-case-size-select-202509-titanium-gold-46mm_GEO_IN?wid=4032&hei=3240&fmt=p-jpg&qlt=80&.v=UFd5c0w0Q1h4Zlp0b0lmaDI3Q0E3V3FCTC9SajJ6TTYrdGhONXg3MDM4TitwZ0tPa1FKRERvVEh5UEFHMWhDSCs4SmtHcU9HUVIzMnFVeHZHb3JXTG9ZdmFDaXpQSUd1VVJXeDZsT2hMS0xnazIxMjVadWJMU0s4dlptYzNSOEhURlRuRFFFdlBEMUVRZS9yRUt6MFl3,,,,,,,,,,,,
Apple-W-S11-Titanium,Apple-Watch-Series 11,Apple Watch,Apple,Watch,Wearables,Series 11,84900,,,Finish-Slate,Men & Women,iOS,OLED Display,46mm,Rectangle,"GPS, Cellular",UP to 24h,,,,,https://store.storeimages.cdn-apple.com/1/as-images.apple.com/is/s11-case-select-202509-titanium-slate_GEO_IN?wid=5120&hei=3280&fmt=p-jpg&qlt=80&.v=OWZ0bXVDZkl0SldCMWswM0FYcUNTRGh1bWZVcXJZOWpDdUJrUFF5WDVhUWNpaTBvZGtTVGtlQ25XUDhKQ1YyYkRNSlovakh3TEZaVjd3SkhSOUZwUkRBSHlqQStCOGVBOUJkSkVqU0hLTkN3WUtuRTE1YlZ6Y0FGU2U1V1YyOEpmbW94YnYxc1YvNXZ4emJGL0IxNFp3,https://store.storeimages.cdn-apple.com/1/as-images.apple.com/is/s11-case-size-select-202509-titanium-slate-46mm_GEO_IN?wid=4032&hei=3240&fmt=p-jpg&qlt=80&.v=UFd5c0w0Q1h4Zlp0b0lmaDI3Q0E3V3FCTC9SajJ6TTYrdGhONXg3MDM4TmtKbmxLTjFpNTZpVnBKNllHOXFpTkpVamZza0VUb09xZXJrakl4U00vZ2M2SmNhNE5jNzUvVlY4OVNCY1NXQ3JRQTMzM29NamsyUjVScmxoOWdoUGRKNzN3aGlxN09QNll5K2pLRFlKdFdB,,,,,,,,,,,,
Apple-W-S11-Titanium,Apple-Watch-Series 11,Apple Watch,Apple,Watch,Wearables,Series 11,84900,,,Sports Band-Black,Men & Women,iOS,OLED Display,46mm,Rectangle,"GPS, Cellular",UP to 24h,,,,,https://store.storeimages.cdn-apple.com/1/as-images.apple.com/is/MXM23ref_FV99_VW_34FR+watch-case-46-titanium-slate-cell-s11_VW_34FR+watch-face-46-titanium-slate-s11_VW_34FR_GEO_IN?wid=5120&hei=3280&bgc=fafafa&trim=1&fmt=p-jpg&qlt=80&.v=TnVrdDZWRlZzTURKbHFqOGh0dGpVRW5TeWJ6QW43NUFnQ2V4cmRFc1VnWTc4blplVGNpSEZpNjZUNjVaN2NmQ3RJRTVDMHMyN1FVbEVmSUZqNGJHdnZmQXlUU2xCQ2pTN3lrcDE0UU1hK0VYZWthQXJCL2NtQ1RrVVMvZXZWQVlmZk9nL2NRSG9kM0xGNis5SVNCUEEvZ2lvL3lwS0tvYmx0aC9ZQlpKTGdJejJLUFVtTzgwWURlTlFQQ2dlb1VpaCs4UVV5TkpOb3R0SnE2K0FBUHR6dUNUYlhibG01c3RJcnk5bVp6ZEh3ZkoySEY5RVJDd294Wi9HWnVmRVZDZA,https://store.storeimages.cdn-apple.com/1/as-images.apple.com/is/MXM23ref_VW_PF+watch-case-46-titanium-slate-cell-s11_VW_PF+watch-face-46-titanium-slate-s11_VW_PF_GEO_IN?wid=5120&hei=3280&bgc=fafafa&trim=1&fmt=p-jpg&qlt=80&.v=dklZYUZNcS9xdnU4OCtqbWVvLzZJMTc2ek0xUHdNTlBtcXF4YkRsWDhTUVJlOXJGN2M5QWVWanN2dlFVcXpiQWVlRGdGQ01jbkFWT2RjRGIydjlxcGFQWDhoR2lKK2xJclJBaldmRDBaZ1o4M202cWtaTC9tODZDY1RlWGpXVlZlL0ZZTWxTZmlZakczcXJsTDlBT3hieWo4YmE0SG5qYzd0OW5UYnpudkJxQ1RlL3AxRzV5SVRWdEVjOUNzaUZOclRNSDE2TkNRbnBpQlJ6dXd3WUMxWk40Ui9yZ1RyWnI1OHI2SkhJSlRVOA,,,,,,,,,,,,
Apple-W-S11-Titanium,Apple-Watch-Series 11,Apple Watch,Apple,Watch,Wearables,Series 11,84900,,,Mlanese Loop-Slate,Men & Women,iOS,OLED Display,46mm,Rectangle,"GPS, Cellular",UP to 24h,,,,,https://store.storeimages.cdn-apple.com/1/as-images.apple.com/is/MGJ64ref_VW_34FR+watch-case-46-titanium-slate-cell-s11_VW_34FR+watch-face-46-titanium-slate-s11_VW_34FR_GEO_IN?wid=5120&hei=3280&bgc=fafafa&trim=1&fmt=p-jpg&qlt=80&.v=eCtRNDhraUJ2VXpZTnFONjQ3enhDUG9DdHd2YU5FTjZTSXRTTFUzdU1PdEF0ZUpvanBaRVZVSmtKYWVnZ3JNZjhiUWR3VUZnV0tGSHYzZzN6VWpBck9od0lEZ21KYTFJRjZVN2FWMkdON0lEbVJHV1FEZDI0S3dtZUZFcVB3VkxwR0Y5QTc5WXlkTmZicEI5cGZEOGdLMCtHMVlHSGttWG40UU14R241ekFhYmZuSTdFUnErS0g3SWYxazQrNDdyRzE3K0tORmZaUy9vOVdqTEp2dmJNOGZkYmdnaGJzcDhscFZxRVBLbEJaUFdYUUZEUThwMFlpNW9lNHJ0NHFlcA,https://store.storeimages.cdn-apple.com/1/as-images.apple.com/is/MGJ64ref_VW_PF+watch-case-46-titanium-slate-cell-s11_VW_PF+watch-face-46-titanium-slate-s11_VW_PF_GEO_IN?wid=5120&hei=3280&bgc=fafafa&trim=1&fmt=p-jpg&qlt=80&.v=RzYySVc1ZHQ4N1dSOFI0bDdDcDdDMTc2ek0xUHdNTlBtcXF4YkRsWDhTUVJlOXJGN2M5QWVWanN2dlFVcXpiQWVlRGdGQ01jbkFWT2RjRGIydjlxcGFQWDhoR2lKK2xJclJBaldmRDBaZ1o4M202cWtaTC9tODZDY1RlWGpXVlZlL0ZZTWxTZmlZakczcXJsTDlBT3hieWo4YmE0SG5qYzd0OW5UYnpudkJxQ1RlL3AxRzV5SVRWdEVjOUNzaUZOclRNSDE2TkNRbnBpQlJ6dXd3WUMxWXZUUnVmMnVBUTk1bTRBdHF3YlowWQ,,,,,,,,,,,,
Apple-W-S11-Titanium,Apple-Watch-Series 11,Apple Watch,Apple,Watch,Wearables,Series 11,79900,,,Finish-Natural,Men & Women,iOS,OLED Display,42mm,Rectangle,"GPS, Cellular",UP to 24h,,,,,https://store.storeimages.cdn-apple.com/1/as-images.apple.com/is/s11-case-select-202509-titanium-natural_GEO_IN?wid=5120&hei=3280&fmt=p-jpg&qlt=80&.v=OWZ0bXVDZkl0SldCMWswM0FYcUNTRGh1bWZVcXJZOWpDdUJrUFF5WDVhVDZYbm1LeVo3MXZub3VFSHIyYjNvdHJUNGJWZ1llU1plZmhBekVhZm5NQnJ4YnM0WFduSzYyM1pGalVqQlB0d0p3NWVwL2xuaUgwSC9VK0pFVkZEcll0MUo4VGU1V25QV3ZFN04zMnhla3dB,https://store.storeimages.cdn-apple.com/1/as-images.apple.com/is/s11-case-size-select-202509-titanium-natural-46mm_GEO_IN?wid=4032&hei=3240&fmt=p-jpg&qlt=80&.v=UFd5c0w0Q1h4Zlp0b0lmaDI3Q0E3V3FCTC9SajJ6TTYrdGhONXg3MDM4TjY1SmZVMUhGUTRhUGV4bVZ0OEhrVFF0a2ZYeXlXM0crL0VtUGpweGNkNnhXT1BGZCt5NUlFNlh2d2d4a251ZVQxcjBVRyswWG14bEI4WVZBcUIybEZMMUM1Rm5zYnhNTFBicElzQysyZ3hB,,,,,,,,,,,,
Apple-W-S11-Titanium,Apple-Watch-Series 11,Apple Watch,Apple,Watch,Wearables,Series 11,79900,,,Finish-Gold,Men & Women,iOS,OLED Display,42mm,Rectangle,"GPS, Cellular",UP to 24h,,,,,https://store.storeimages.cdn-apple.com/1/as-images.apple.com/is/s11-case-select-202509-titanium-gold_GEO_IN?wid=5120&hei=3280&fmt=p-jpg&qlt=80&.v=OWZ0bXVDZkl0SldCMWswM0FYcUNTRGh1bWZVcXJZOWpDdUJrUFF5WDVhUzJkclAxa2MzZTlob0hXaGR0OVBDR0tZMGFKbG9yanhQdjZDS1dZUFFhRWJZc3g4ZkhUVEc0bFNFL1l3MHJZd1ZuUVZncmZEZDBsT3RRTWwrZS9EN1Q,https://store.storeimages.cdn-apple.com/1/as-images.apple.com/is/s11-case-size-select-202509-titanium-gold-46mm_GEO_IN?wid=4032&hei=3240&fmt=p-jpg&qlt=80&.v=UFd5c0w0Q1h4Zlp0b0lmaDI3Q0E3V3FCTC9SajJ6TTYrdGhONXg3MDM4TitwZ0tPa1FKRERvVEh5UEFHMWhDSCs4SmtHcU9HUVIzMnFVeHZHb3JXTG9ZdmFDaXpQSUd1VVJXeDZsT2hMS0xnazIxMjVadWJMU0s4dlptYzNSOEhURlRuRFFFdlBEMUVRZS9yRUt6MFl4,,,,,,,,,,,,
Apple-W-S11-Titanium,Apple-Watch-Series 11,Apple Watch,Apple,Watch,Wearables,Series 11,79900,,,Finish-Slate,Men & Women,iOS,OLED Display,42mm,Rectangle,"GPS, Cellular",UP to 24h,,,,,https://store.storeimages.cdn-apple.com/1/as-images.apple.com/is/s11-case-select-202509-titanium-slate_GEO_IN?wid=5120&hei=3280&fmt=p-jpg&qlt=80&.v=OWZ0bXVDZkl0SldCMWswM0FYcUNTRGh1bWZVcXJZOWpDdUJrUFF5WDVhUWNpaTBvZGtTVGtlQ25XUDhKQ1YyYkRNSlovakh3TEZaVjd3SkhSOUZwUkRBSHlqQStCOGVBOUJkSkVqU0hLTkN3WUtuRTE1YlZ6Y0FGU2U1V1YyOEpmbW94YnYxc1YvNXZ4emJGL0IxNFp4,https://store.storeimages.cdn-apple.com/1/as-images.apple.com/is/s11-case-size-select-202509-titanium-slate-46mm_GEO_IN?wid=4032&hei=3240&fmt=p-jpg&qlt=80&.v=UFd5c0w0Q1h4Zlp0b0lmaDI3Q0E3V3FCTC9SajJ6TTYrdGhONXg3MDM4TmtKbmxLTjFpNTZpVnBKNllHOXFpTkpVamZza0VUb09xZXJrakl4U00vZ2M2SmNhNE5jNzUvVlY4OVNCY1NXQ3JRQTMzM29NamsyUjVScmxoOWdoUGRKNzN3aGlxN09QNll5K2pLRFlKdFdB,,,,,,,,,,,,
Apple-W-S11-Titanium,Apple-Watch-Series 11,Apple Watch,Apple,Watch,Wearables,Series 11,79900,,,Sports Band-Black,Men & Women,iOS,OLED Display,42mm,Rectangle,"GPS, Cellular",UP to 24h,,,,,https://store.storeimages.cdn-apple.com/1/as-images.apple.com/is/MXM23ref_FV99_VW_34FR+watch-case-46-titanium-slate-cell-s11_VW_34FR+watch-face-46-titanium-slate-s11_VW_34FR_GEO_IN?wid=5120&hei=3280&bgc=fafafa&trim=1&fmt=p-jpg&qlt=80&.v=TnVrdDZWRlZzTURKbHFqOGh0dGpVRW5TeWJ6QW43NUFnQ2V4cmRFc1VnWTc4blplVGNpSEZpNjZUNjVaN2NmQ3RJRTVDMHMyN1FVbEVmSUZqNGJHdnZmQXlUU2xCQ2pTN3lrcDE0UU1hK0VYZWthQXJCL2NtQ1RrVVMvZXZWQVlmZk9nL2NRSG9kM0xGNis5SVNCUEEvZ2lvL3lwS0tvYmx0aC9ZQlpKTGdJejJLUFVtTzgwWURlTlFQQ2dlb1VpaCs4UVV5TkpOb3R0SnE2K0FBUHR6dUNUYlhibG01c3RJcnk5bVp6ZEh3ZkoySEY5RVJDd294Wi9HWnVmRVZDZA,https://store.storeimages.cdn-apple.com/1/as-images.apple.com/is/MXM23ref_VW_PF+watch-case-46-titanium-slate-cell-s11_VW_PF+watch-face-46-titanium-slate-s11_VW_PF_GEO_IN?wid=5120&hei=3280&bgc=fafafa&trim=1&fmt=p-jpg&qlt=80&.v=dklZYUZNcS9xdnU4OCtqbWVvLzZJMTc2ek0xUHdNTlBtcXF4YkRsWDhTUVJlOXJGN2M5QWVWanN2dlFVcXpiQWVlRGdGQ01jbkFWT2RjRGIydjlxcGFQWDhoR2lKK2xJclJBaldmRDBaZ1o4M202cWtaTC9tODZDY1RlWGpXVlZlL0ZZTWxTZmlZakczcXJsTDlBT3hieWo4YmE0SG5qYzd0OW5UYnpudkJxQ1RlL3AxRzV5SVRWdEVjOUNzaUZOclRNSDE2TkNRbnBpQlJ6dXd3WUMxWk40Ui9yZ1RyWnI1OHI2SkhJSlRVOA,,,,,,,,,,,,
Apple-W-S11-Titanium,Apple-Watch-Series 11,Apple Watch,Apple,Watch,Wearables,Series 11,84900,,,Mlanese Loop-Slate,Men & Women,iOS,OLED Display,42mm,Rectangle,"GPS, Cellular",UP to 24h,,,,,https://store.storeimages.cdn-apple.com/1/as-images.apple.com/is/MGJ64ref_VW_34FR+watch-case-46-titanium-slate-cell-s11_VW_34FR+watch-face-46-titanium-slate-s11_VW_34FR_GEO_IN?wid=5120&hei=3280&bgc=fafafa&trim=1&fmt=p-jpg&qlt=80&.v=eCtRNDhraUJ2VXpZTnFONjQ3enhDUG9DdHd2YU5FTjZTSXRTTFUzdU1PdEF0ZUpvanBaRVZVSmtKYWVnZ3JNZjhiUWR3VUZnV0tGSHYzZzN6VWpBck9od0lEZ21KYTFJRjZVN2FWMkdON0lEbVJHV1FEZDI0S3dtZUZFcVB3VkxwR0Y5QTc5WXlkTmZicEI5cGZEOGdLMCtHMVlHSGttWG40UU14R241ekFhYmZuSTdFUnErS0g3SWYxazQrNDdyRzE3K0tORmZaUy9vOVdqTEp2dmJNOGZkYmdnaGJzcDhscFZxRVBLbEJaUFdYUUZEUThwMFlpNW9lNHJ0NHFlcA,https://store.storeimages.cdn-apple.com/1/as-images.apple.com/is/MGJ64ref_VW_PF+watch-case-46-titanium-slate-cell-s11_VW_PF+watch-face-46-titanium-slate-s11_VW_PF_GEO_IN?wid=5120&hei=3280&bgc=fafafa&trim=1&fmt=p-jpg&qlt=80&.v=RzYySVc1ZHQ4N1dSOFI0bDdDcDdDMTc2ek0xUHdNTlBtcXF4YkRsWDhTUVJlOXJGN2M5QWVWanN2dlFVcXpiQWVlRGdGQ01jbkFWT2RjRGIydjlxcGFQWDhoR2lKK2xJclJBaldmRDBaZ1o4M202cWtaTC9tODZDY1RlWGpXVlZlL0ZZTWxTZmlZakczcXJsTDlBT3hieWo4YmE0SG5qYzd0OW5UYnpudkJxQ1RlL3AxRzV5SVRWdEVjOUNzaUZOclRNSDE2TkNRbnBpQlJ6dXd3WUMxWXZUUnVmMnVBUTk1bTRBdHF3YlowWQ,,,,,,,,,,,,
,,,,,,,,,,,,,,,,,,,,,,,,,,,,,,,,,,,
Apple-W-SE3-Aluminim,Apple-Watch-SE 3,Apple Watch,Apple,Watch,Wearables,SE 3,33900,,,Finish-Midnight,Men & Women,,OLED Display,44mm,Rectangle,"GPS, Cellular",UP to 18h,,,,,https://store.storeimages.cdn-apple.com/1/as-images.apple.com/is/MYG03ref_SR_SE_VW_PF+watch-case-44-aluminum-midnight-cell-se3_VW_PF+watch-face-44-aluminum-midnight-se3_VW_PF?wid=5120&hei=3280&bgc=fafafa&trim=1&fmt=p-jpg&qlt=80&.v=QnRTVXdBVjNhd01CWk1hY2JqK0VPcHN3bmZMYXBUV0xvcU1EeGl4ejE5cC9pd1RRamNxTEJTRVAwWTdMVDhpVVBGdjJJNG9Sb2l6VlNsSDlQd2RxMUhwUTNSN2hISlE5Tlc3M2xVdzZFbFZpRFN2VTEyRk9ZNEFubk9kM01kUmJXTDNtN1U1Q083ZW9USEgwS2dEWkxaRnZGUUdUeGtYN2gySi9ZaWRpZitLckJnajVCaGRzU0pBREM1Q082Uk51NXVkZ2t0VWxQK2o2M01obVdMRmRjc0pSNGF0YXBqRjZkYVFiTFU1d3d0NUhEMDk4UlpvaSs4NUNUeFZERWU4aQ,https://store.storeimages.cdn-apple.com/1/as-images.apple.com/is/MYG03ref_FV98_VW_34FR+watch-case-44-aluminum-midnight-cell-se3_VW_34FR+watch-face-44-aluminum-midnight-se3_VW_34FR?wid=5120&hei=3280&bgc=fafafa&trim=1&fmt=p-jpg&qlt=80&.v=OUh6OFdFVEJxVkF6SUo5TWxpTE50MG5TeWJ6QW43NUFnQ2V4cmRFc1VnWWxvMTNVeXVWaTk0Ui9PSEVKVVU0d1ZneEFWemJEV3BGL1EwOGVQRW9Qdnd1Z0RaeFB5LzRxZEliRVE2WkswOWxTaW5sVkV2RmZ2OC82WTJHMHpKU29mSUZhM3NpOTR0QWNQUWV0RWZVemJFY0hMR1dFZFdkQ3R4TnRXbGd6S29TVC9JWWVQd1RJN2FJV3BkVTlFVnpaOFQxKzA5WE9TUUw2SnMwSWpvWkpYWFp1VTZEZ25CQTFPbHh3RXVTSlhsbnQ2MU5VdElXK0tod21NaDd5MWJUdw,,,,,,,,,,,,
Apple-W-SE3-Aluminim,Apple-Watch-SE 3,Apple Watch,Apple,Watch,Wearables,SE 3,28900,,,Finish-Midnight,Men & Women,,OLED Display,44mm,Rectangle,GPS,UP to 18h,,,,,,,,,,,,,,,,,,
Apple-W-SE3-Aluminim,Apple-Watch-SE 3,Apple Watch,Apple,Watch,Wearables,SE 3,33900,,,Finish-Starlight,Men & Women,,OLED Display,44mm,Rectangle,"GPS, Cellular",UP to 18h,,,,,,,,,,,,,,,,,,
Apple-W-SE3-Aluminim,Apple-Watch-SE 3,Apple Watch,Apple,Watch,Wearables,SE 3,28900,,,Finish-Starlight,Men & Women,,OLED Display,44mm,Rectangle,GPS,UP to 18h,,,,,,,,,,,,,,,,,,
Apple-W-SE3-Aluminim,Apple-Watch-SE 3,Apple Watch,Apple,Watch,Wearables,SE 3,25,,,,,,,,,,,,,,,,,,,,,,,,,,,,
Apple-W-SE3-Aluminim,Apple-Watch-SE 3,Apple Watch,Apple,Watch,Wearables,SE 3,,,,,,,,,,,,,,,,,,,,,,,,,,,,,
Apple-W-SE3-Aluminim,Apple-Watch-SE 3,Apple Watch,Apple,Watch,Wearables,SE 3,,,,,,,,,,,,,,,,,,,,,,,,,,,,,
Apple-W-SE3-Aluminim,Apple-Watch-SE 3,Apple Watch,Apple,Watch,Wearables,SE 3,,,,,,,,,,,,,,,,,,,,,,,,,,,,,
Apple-W-SE3-Aluminim,Apple-Watch-SE 3,Apple Watch,Apple,Watch,Wearables,SE 3,33900,,,Finish-Midnight,Men & Women,,OLED Display,40mm,Rectangle,"GPS, Cellular",UP to 18h,,,,,,,,,,,,,,,,,,
Apple-W-SE3-Aluminim,Apple-Watch-SE 3,Apple Watch,Apple,Watch,Wearables,SE 3,28900,,,Finish-Midnight,Men & Women,,OLED Display,40mm,Rectangle,GPS,UP to 18h,,,,,,,,,,,,,,,,,,
Apple-W-SE3-Aluminim,Apple-Watch-SE 3,Apple Watch,Apple,Watch,Wearables,SE 3,33900,,,Finish-Starlight,Men & Women,,OLED Display,40mm,Rectangle,"GPS, Cellular",UP to 18h,,,,,,,,,,,,,,,,,,
Apple-W-SE3-Aluminim,Apple-Watch-SE 3,Apple Watch,Apple,Watch,Wearables,SE 3,28900,,,Finish-Starlight,Men & Women,,OLED Display,40mm,Rectangle,GPS,UP to 18h,,,,,,,,,,,,,,,,,,
,,,,,,,,,,,,,,,,,,,,,,,,,,,,,,,,,,,
Apple-W-Ultra 3-Titanium,Apple-Watch-Ultra 3,Apple Watch,Apple,Watch,Wearables,Ultra 3,89900,,,Finish-Natural,Men & Women,,OLED Display,49mm,Rectangle,"GPS, Cellular",UP to 42h,,,,,https://store.storeimages.cdn-apple.com/1/as-images.apple.com/is/ultra-case-select-202509-natural_GEO_IN?wid=5120&hei=3280&fmt=p-jpg&qlt=80&.v=eklmRkg1SGV0cnBBRkZsU1d5OTdqN0ljVVVka2ZNUXdvWHFoeDFPZFlUQlF2cXlJck81SEZkSmxtcVJpRkhDL0xNckZKekhaNGVhZVQvMTRuMXRSYTJ1Y0hhYzFCK0tzV3gwSFNTUHQzNHNTVGlpcDMyOFNYZUNhdzlMZXJsNmw,,,,,,,,,,,,,
Apple-W-Ultra 3-Titanium,Apple-Watch-Ultra 3,Apple Watch,Apple,Watch,Wearables,Ultra 3,89900,,,Light Blue(AIpine Loop),Men & Women,,OLED Display,49mm,Rectangle,"GPS, Cellular",UP to 42h,,,,,https://store.storeimages.cdn-apple.com/1/as-images.apple.com/is/MFTH4ref_VW_34FR+watch-case-49-titanium-natural-ultra3_VW_34FR+watch-face-49-alpine-ultra3_VW_34FR_GEO_IN?wid=5120&hei=3280&bgc=fafafa&trim=1&fmt=p-jpg&qlt=80&.v=OWdzNm84VjF3NmhsVTNHd3Myb2gxM2pDV2hhem5qNnpDenFtKzI1OXdzYkpncG05NXptdno5VmVNOFY1RGFaTGY4aHdOQjBiNSszby9Kd0FnejRCcGlCYWZ0M2xobjlJWjF6VEVYcVFORGZDcEVTaFN0QUo1Y1N6Zkw5RjVkNWR1a2gzUUplbzlQZFY1dHUxcGoxNCtKR3ZiM1VVanlXUmVvN3dXbUd0SjFNcDIxSk5peW5HTWQ0c004MmJwMkNtdGl6SHg4ZE5NYmlWSVQ5akRTdGpCVVhmcktjOHZXcnlYaElpWVVIbHBSbw,,,,,,,,,,,,,
Apple-W-Ultra 3-Titanium,Apple-Watch-Ultra 3,Apple Watch,Apple,Watch,Wearables,Ultra 3,89900,,,Blue/Bright Blue(Trail Loop),Men & Women,,OLED Display,49mm,Rectangle,"GPS, Cellular",UP to 42h,,,,,https://store.storeimages.cdn-apple.com/1/as-images.apple.com/is/MFT64ref_VW_34FR+watch-case-49-titanium-natural-ultra3_VW_34FR+watch-face-49-trail-ultra3_VW_34FR?wid=5120&hei=3280&bgc=fafafa&trim=1&fmt=p-jpg&qlt=80&.v=TUZhbndTRDBYY0JzclE2TlI1QUZGM2pDV2hhem5qNnpDenFtKzI1OXdzYkpncG05NXptdno5VmVNOFY1RGFaTGY4aHdOQjBiNSszby9Kd0FnejRCcGhjU2hUMWxocXcxbUF2c0Zrbk5pNW1ESTZKeFNpYjYxRklmTjY5TmNzSTAwbWRaZVFKSXJGUlBRSVdEU3lCWldQWnBzU3J4cnNiMEt6SmR0RjR5QWlLRnIyU1p2cmQrQ2RFNGNHT0Q4a09WTHRXclM5d2phcVJhTkJQV293ZEpXdDhBODR4SWlLemNtRmplWVNIZUtTNA,,,,,,,,,,,,,
Apple-W-Ultra 3-Titanium,Apple-Watch-Ultra 3,Apple Watch,Apple,Watch,Wearables,Ultra 3,89900,,,Anchor Blue(Ocean Band),Men & Women,,OLED Display,49mm,Rectangle,"GPS, Cellular",UP to 42h,,,,,https://store.storeimages.cdn-apple.com/1/as-images.apple.com/is/MGCC4_VW_34FR+watch-case-49-titanium-natural-ultra3_VW_34FR+watch-face-49-ocean-ultra3_VW_34FR?wid=5120&hei=3280&bgc=fafafa&trim=1&fmt=p-jpg&qlt=80&.v=T1lWTTZnNjJ0cHU5TWZLUktueGVoS1ZGV0ZiSDllNHd6YWJwdVV2Z2xBWm9SMGMvQkpTNDBiSVZSVExOcXdwL21waDNwS2JiYllsTkdSSzZVQyt6UTA3TEpxSjk0aTYwUmxLdzg5clk4QlA0djFINWxKM2N1ODZxM3paRjhkcHlyVDRiVmdZZVNaZWZoQXpFYWZuTUJwdCtjanNSR3I0b2ZzaC9XVGo3anVzYlh2NG8wVjlsTCtqMWFNc20rOXN6UUxEaDhOQldDNkNRMFdXOG9BTC9JMlBEaGQxRytQT2dxQXNWKzI0c0ViQQ,,,,,,,,,,,,,
Apple-W-Ultra 3-Titanium,Apple-Watch-Ultra 3,Apple Watch,Apple,Watch,Wearables,Ultra 3,104900,,,Natural(Titanium Milanese Loop),Men & Women,,OLED Display,49mm,Rectangle,"GPS, Cellular",UP to 42h,,,,,https://store.storeimages.cdn-apple.com/1/as-images.apple.com/is/MGHN4ref_VW_34FR+watch-case-49-titanium-natural-ultra3_VW_34FR+watch-face-49-milanese-ultra3_VW_34FR_GEO_IN?wid=5120&hei=3280&bgc=fafafa&trim=1&fmt=p-jpg&qlt=80&.v=djJHVXQrZ2g4MFFiaXp4WW1xU1BUbmpDV2hhem5qNnpDenFtKzI1OXdzYkpncG05NXptdno5VmVNOFY1RGFaTGY4aHdOQjBiNSszby9Kd0FnejRCcGdnM2swYzVsWGtwUkFKeGltK0RJcHU2djRHWTExdkZHN3BxVGVRdTk2ME1WZ1NPQnZkTnZhYlBvQ1dGWFFwamgwUVN3R3VxZWhYYXgwOHljYmZFMXBocmMyRTN3NCt6QkoxaUdRb0FBay9VYktGTHdENW9lYUFnak5pcy9ReEdDUnN1eXN6TXc5R1V5WUNuS1o2dG13Y1dkR0c1QU9HSFhRTXZyMjRWUXMzUA,,,,,,,,,,,,,
Apple-W-Ultra 3-Titanium,Apple-Watch-Ultra 3,Apple Watch,Apple,Watch,Wearables,Ultra 3,89900,,,Finish-Black,Men & Women,,OLED Display,49mm,Rectangle,"GPS, Cellular",UP to 42h,,,,,https://store.storeimages.cdn-apple.com/1/as-images.apple.com/is/ultra-case-select-202509-black_GEO_IN?wid=5120&hei=3280&fmt=p-jpg&qlt=80&.v=eklmRkg1SGV0cnBBRkZsU1d5OTdqNG8zdEdGVnFKd2p0b1lka1FwOExjdkl5SEtmVWJESCt2YXA0WTJNS0l0MVN4akdjaWsxOXRHMzdmYXdzRTJINmVDVGJYYmxtNXN0SXJ5OW1aemRId2NZWjEzd2pMcDZLQS9MeVBIalFrQ0k,,,,,,,,,,,,,
Apple-W-Ultra 3-Titanium,Apple-Watch-Ultra 3,Apple Watch,Apple,Watch,Wearables,Ultra 3,89900,,,Black/(AIpine Loop),Men & Women,,OLED Display,49mm,Rectangle,"GPS, Cellular",UP to 42h,,,,,https://store.storeimages.cdn-apple.com/1/as-images.apple.com/is/MG9G4ref_VW_34FR+watch-case-49-titanium-black-ultra3_VW_34FR+watch-face-49-alpine-ultra3_VW_34FR_GEO_IN?wid=5120&hei=3280&bgc=fafafa&trim=1&fmt=p-jpg&qlt=80&.v=YXpmamJoYitwM1o2bmQwQWhUWVd2bmpDV2hhem5qNnpDenFtKzI1OXdzWjRaeVR4RW9XWXhWVHRHeXZEa3AwcDZpTzZlS09Bd0x4ZHpLanhpRFM3bEhJeTlvZUg2NDJab29oaTJoOXRFQXFrN2hMODArNDBKaEpIbGhiMk9pVXhVTDZzaUt6dVJ4WFNaWnFrWWhSd3Z3QnJKZk9weFpCcmg2bG5rV2xMNlVmYlg5SUJPR0VaZnV5YVlTck5WQzFJWitOTEs5T0laM0FBYmtOdWx0aUJtRFRMbWZtVWlnUVlHK2RFWW81d3RtYw,,,,,,,,,,,,,
Apple-W-Ultra 3-Titanium,Apple-Watch-Ultra 3,Apple Watch,Apple,Watch,Wearables,Ultra 3,89900,,,Black/Charcoal(Trail Loop),Men & Women,,OLED Display,49mm,Rectangle,"GPS, Cellular",UP to 42h,,,,,https://store.storeimages.cdn-apple.com/1/as-images.apple.com/is/MG9T4ref_VW_34FR+watch-case-49-titanium-black-ultra3_VW_34FR+watch-face-49-trail-ultra3_VW_34FR?wid=5120&hei=3280&bgc=fafafa&trim=1&fmt=p-jpg&qlt=80&.v=NzVJOFBBRlFyVTh5ZXIzUHJMcWxDSGpDV2hhem5qNnpDenFtKzI1OXdzWjRaeVR4RW9XWXhWVHRHeXZEa3AwcDZpTzZlS09Bd0x4ZHpLanhpRFM3bEM2WlJRNE54YUdoN0JGYWIxb3RNejBnOU9JK2FiREp0NjJzM2tyL0pNQW9FZTRCS2F5aXFjd3VVM0hzT0JXSTQxMUVGU3ZDVTBuMWZMMFp1U2tHa3hHb3R2dXh2NXNWNTBMcklzcWlBT1RUcDhEQUpxQzNlN2VKTXBmS2NuUFhLSHBObFRlSEx3TGxMdFB0MXdnd3VVUQ,,,,,,,,,,,,,
Apple-W-Ultra 3-Titanium,Apple-Watch-Ultra 6,Apple Watch,Apple,Watch,Wearables,Ultra 3,89900,,,Black(Ocean Band),Men & Women,,OLED Display,49mm,Rectangle,"GPS, Cellular",UP to 42h,,,,,https://store.storeimages.cdn-apple.com/1/as-images.apple.com/is/MYPD3ref_VW_34FR+watch-case-49-titanium-black-ultra3_VW_34FR+watch-face-49-ocean-ultra3_VW_34FR?wid=5120&hei=3280&bgc=fafafa&trim=1&fmt=p-jpg&qlt=80&.v=VEREVGFsQzRDQXZXemdUckh4dmo3M2pDV2hhem5qNnpDenFtKzI1OXdzWjRaeVR4RW9XWXhWVHRHeXZEa3AwcDZpTzZlS09Bd0x4ZHpLanhpRFM3bEpiVmVXUVJPYnV1S0FZc3FMLzd3SDRnOU9JK2FiREp0NjJzM2tyL0pNQW9FZTRCS2F5aXFjd3VVM0hzT0JXSTQxMUVGU3ZDVTBuMWZMMFp1U2tHa3hHb3R2dXh2NXNWNTBMcklzcWlBT1RUcDhEQUpxQzNlN2VKTXBmS2NuUFhLQUlYWHR2MDJHcW50QmJRN2FiYkx0MA,,,,,,,,,,,,,
Apple-W-Ultra 3-Titanium,Apple-Watch-Ultra 3,Apple Watch,Apple,Watch,Wearables,Ultra 3,104900,,,Black(Titanium Milanese Loop),Men & Women,,OLED Display,49mm,Rectangle,"GPS, Cellular",UP to 42h,,,,,https://store.storeimages.cdn-apple.com/1/as-images.apple.com/is/MGHR4ref_VW_34FR+watch-case-49-titanium-black-ultra3_VW_34FR+watch-face-49-milanese-ultra3_VW_34FR_GEO_IN?wid=5120&hei=3280&bgc=fafafa&trim=1&fmt=p-jpg&qlt=80&.v=NDBla0tEWlkyZGtyT1M5Ky9DR3RmSGpDV2hhem5qNnpDenFtKzI1OXdzWjRaeVR4RW9XWXhWVHRHeXZEa3AwcDZpTzZlS09Bd0x4ZHpLanhpRFM3bExPZDFtOFdYdEpGc2pnVWxteWY3dWdSVEkrUWkrWFQzMmtyN3NZcTBEWXB1a2gzUUplbzlQZFY1dHUxcGoxNCtKR3ZiM1VVanlXUmVvN3dXbUd0SjFNcDIxSk5peW5HTWQ0c004MmJwMkNtdGl6SHg4ZE5NYmlWSVQ5akRTdGpCV0k3VlNFSDhxcVBjeXIzS3dKejRjVQ,,,,,,,,,,,,,