SKU,Parent_SKU,Product_Name,Brand,Category,Sub_Category,Model_Number,MRP,Selling_Price,Stock_Quantity,Attribute_Color,Attribute_Capacity,Filter_Star,Filter_Type,Filter_Ideal for Family size,Filter_Defrosting type,Short_Description,Long_Description,Whats_In_The_Box,Image_URL_1,Image_URL_2,Image_URL_3,Image_URL_4,Image_URL_5,Image_URL_6,Video_URL_1,Video_URL_2,HSN_Code,GST_Rate,Shipping_Weight_kg,Shipping_Dimensions_cm,URL_Slug,Meta_Title,Meta_Description
SAM_REFRIGERATOR_4-DOOR-CDC,SAM-REF-4-Door,Samsung AI Home 4-French Door Refrigerator,Samsung,Refrigerator,Home & Kitchen Appliances,RM90F66CNC,399990,,,Clean Deep Charcol,658L,,French Door,,Mono Cooling,,,,https://images.samsung.com/is/image/samsung/p6pim/in/rm90f66cnctl/gallery/in-4-door-french-door-refrigerators-with-ai-home-and-ai-hybrid-cooling-rm90f66cnctl-548045057?$684_547_PNG$,https://images.samsung.com/is/image/samsung/p6pim/in/rm90f66cnctl/gallery/in-4-door-french-door-refrigerators-with-ai-home-and-ai-hybrid-cooling-rm90f66cnctl-thumb-548045047?$64_64_PNG$,,,,,,https://images.samsung.com/is/content/samsung/p6pim/in/feature/166364990/in-feature--nbsp-548045123.mp4,,,,,,,
,,,,,,,,,,,,,,,,,,,,,,,,,,,,,,,,,
SAM_REFRIGERATOR_2-DOOR-BM,SAM-REF-2-Door,Samsung Bespoke AI Double Door Refrigerator,Samsung,Refrigerator,Home & Kitchen Appliances,RT45DG6A4DB1,71990,,,Black Matt,419L,,Double Door,,Twin Cooling,,,,https://images.samsung.com/is/image/samsung/p6pim/in/rt45dg6a4db1hl/gallery/in-top-mount-freezer-twin-cooling-plus-519124-rt45dg6a4db1hl-548207741?$684_547_PNG$,https://images.samsung.com/is/image/samsung/p6pim/in/rt45dg6a4db1hl/gallery/in-top-mount-freezer-twin-cooling-plus-519124-rt45dg6a4db1hl-542993066?$Q90_684_547_JPG$,,,,,https://images.samsung.com/is/content/samsung/p6pim/in/feature/165516374/in-feature---542989467.mp4,,,,,,,,
SAM_REFRIGERATOR_2-DOOR-LB,SAM-REF-2-Door,Samsung Bespoke AI Double Door Refrigerator,Samsung,Refrigerator,Home & Kitchen Appliances,RT45DG6A4DBX,72990,,,Luxe Black,419L,,Double Door,,Twin Cooling,,,,https://images.samsung.com/is/image/samsung/p6pim/in/rt45dg6a4dbxhl/gallery/in-top-mount-freezer-twin-cooling-plus-519124-rt45dg6a4dbxhl-548207856?$684_547_PNG$,https://images.samsung.com/is/image/samsung/p6pim/in/rt45dg6a4dbxhl/gallery/in-top-mount-freezer-twin-cooling-plus-519124-rt45dg6a4dbxhl-thumb-542993095?$64_64_PNG$,,,,,https://images.samsung.com/is/content/samsung/p6pim/in/feature/165516374/in-feature---542989467.mp4,,,,,,,,
SAM_REFRIGERATOR_2-DOOR-RS,SAM-REF-2-Door,Samsung Bespoke AI Double Door Refrigerator,Samsung,Refrigerator,Home & Kitchen Appliances,RT45DG6A4DSL,72990,,,Real Stainless,419L,,Double Door,,Twin Cooling,,,,https://images.samsung.com/is/image/samsung/p6pim/in/rt45dg6a4dslhl/gallery/in-top-mount-freezer-twin-cooling-plus-519124-rt45dg6a4dslhl-548207918?$684_547_PNG$,https://images.samsung.com/is/image/samsung/p6pim/in/rt45dg6a4dslhl/gallery/in-top-mount-freezer-twin-cooling-plus-519124-rt45dg6a4dslhl-thumb-542993114?$64_64_PNG$,,,,,https://images.samsung.com/is/content/samsung/p6pim/in/feature/165516374/in-feature---542989467.mp5,,,,,,,,
SAM_REFRIGERATOR_2-DOOR-BG,SAM-REF-2-Door,Samsung Bespoke AI Double Door Refrigerator,Samsung,Refrigerator,Home & Kitchen Appliances,RT41DB6A4B22,68990,,,Black Glass,396L,,Double Door,,Twin Cooling,,,,https://images.samsung.com/is/image/samsung/p6pim/in/rt41db6a4b22hl/gallery/in-top-mount-freezer-convertible-5-in-1-rt41db6a4b22hl-548197332?$684_547_PNG$,https://images.samsung.com/is/image/samsung/p6pim/in/rt41db6a4b22hl/gallery/in-top-mount-freezer-convertible-5-in-1-rt41db6a4b22hl-thumb-543334310?$64_64_PNG$,,,,,https://images.samsung.com/is/content/samsung/p6pim/in/feature/165516263/in-feature---542989080.mp4,,,,,,,,
SAM_REFRIGERATOR_2-DOOR-EI,SAM-REF-2-Door,Samsung Bespoke AI Double Door Refrigerator,Samsung,Refrigerator,Home & Kitchen Appliances,RT45DG6A2BS8,68990,,,Elegant Inox,419L,,Double Door,,Twin Cooling,,,,https://images.samsung.com/is/image/samsung/p6pim/in/rt45dg6a2bs8hl/gallery/in-top-mount-freezer-twin-cooling-plus-519111-rt45dg6a2bs8hl-548207628?$684_547_PNG$,https://images.samsung.com/is/image/samsung/p6pim/in/rt45dg6a2bs8hl/gallery/in-top-mount-freezer-twin-cooling-plus-519111-rt45dg6a2bs8hl-thumb-542990426?$64_64_PNG$,,,,,https://images.samsung.com/is/content/samsung/p6pim/in/feature/165516374/in-feature---542989467.mp4,,,,,,,,
SAM_REFRIGERATOR_2-DOOR-RS,SAM-REF-2-Door,Samsung Bespoke AI Double Door Refrigerator,Samsung,Refrigerator,Home & Kitchen Appliances,RT45DG6A2BSL,69990,,,Real Stainless,419L,,Double Door,,Twin Cooling,,,,https://images.samsung.com/is/image/samsung/p6pim/in/rt45dg6a2bslhl/gallery/in-top-mount-freezer-twin-cooling-plus-519111-rt45dg6a2bslhl-548207648?$684_547_PNG$,https://images.samsung.com/is/image/samsung/p6pim/in/rt45dg6a2bslhl/gallery/in-top-mount-freezer-twin-cooling-plus-519111-rt45dg6a2bslhl-thumb-542990445?$64_64_PNG$,,,,,https://images.samsung.com/is/content/samsung/p6pim/in/feature/165516374/in-feature---542989467.mp5,,,,,,,,
SAM_REFRIGERATOR_2-DOOR-BM,SAM-REF-2-Door,Samsung Bespoke AI Double Door Refrigerator,Samsung,Refrigerator,Home & Kitchen Appliances,RT38DG5A4DB1,59990,,,Black Matt,350L,3,Double Door,,Twin Cooling,,,,https://images.samsung.com/is/image/samsung/p6pim/in/rt45dg6a4db1hl/gallery/in-top-mount-freezer-twin-cooling-plus-519124-rt45dg6a4db1hl-548207741?$684_547_PNG$,https://images.samsung.com/is/image/samsung/p6pim/in/rt45dg6a4db1hl/gallery/in-top-mount-freezer-twin-cooling-plus-519124-rt45dg6a4db1hl-542993066?$Q90_684_547_JPG$,,,,,,,,,,,,,
SAM_REFRIGERATOR_2-DOOR-LB,SAM-REF-2-Door,Samsung Bespoke AI Double Door Refrigerator,Samsung,Refrigerator,Home & Kitchen Appliances,RT38DG5A4DBX,60990,,,Luxe Black,350L,3,Double Door,,Twin Cooling,,,,https://images.samsung.com/is/image/samsung/p6pim/in/rt45dg6a4dbxhl/gallery/in-top-mount-freezer-twin-cooling-plus-519124-rt45dg6a4dbxhl-548207856?$684_547_PNG$,https://images.samsung.com/is/image/samsung/p6pim/in/rt45dg6a4dbxhl/gallery/in-top-mount-freezer-twin-cooling-plus-519124-rt45dg6a4dbxhl-thumb-542993095?$64_64_PNG$,,,,,,,,,,,,,
SAM_REFRIGERATOR_2-DOOR-RS,SAM-REF-2-Door,Samsung Bespoke AI Double Door Refrigerator,Samsung,Refrigerator,Home & Kitchen Appliances,RT38DG5A4DSL,60990,,,Real Stainless,350L,3,Double Door,,Twin Cooling,,,,https://images.samsung.com/is/image/samsung/p6pim/in/rt45dg6a2bs8hl/gallery/in-top-mount-freezer-twin-cooling-plus-519111-rt45dg6a2bs8hl-548207628?$684_547_PNG$,https://images.samsung.com/is/image/samsung/p6pim/in/rt45dg6a2bs8hl/gallery/in-top-mount-freezer-twin-cooling-plus-519111-rt45dg6a2bs8hl-thumb-542990426?$64_64_PNG$,,,,,,,,,,,,,
SAM_REFRIGERATOR_2-DOOR-EI,SAM-REF-2-Door,Samsung Bespoke AI Double Door Refrigerator,Samsung,Refrigerator,Home & Kitchen Appliances,RT38DG5A4DS8,59990,,,Elegant Inox,350L,3,Double Door,,Twin Cooling,,,,https://images.samsung.com/is/image/samsung/p6pim/in/rt45dg6a2bslhl/gallery/in-top-mount-freezer-twin-cooling-plus-519111-rt45dg6a2bslhl-548207648?$684_547_PNG$,https://images.samsung.com/is/image/samsung/p6pim/in/rt45dg6a2bslhl/gallery/in-top-mount-freezer-twin-cooling-plus-519111-rt45dg6a2bslhl-thumb-542990445?$64_64_PNG$,,,,,,,,,,,,,
,,,,,,,,,,,,,,,,,,,,,,,,,,,,,,,,,
SAM_REFRIGERATOR_2-DOOR-BM,SAM-REF-2-Door,Samsung Bespoke AI Double Door Refrigerator,Samsung,Refrigerator,Home & Kitchen Appliances,RT41DG6A4DB1,67990,,,Black Matt,396L,3,Double Door,,Twin Cooling Plus,,,,,,,,,,,,,,,,,,
SAM_REFRIGERATOR_2-DOOR-RS,SAM-REF-2-Door,Samsung Bespoke AI Double Door Refrigerator,Samsung,Refrigerator,Home & Kitchen Appliances,RT41DG6A4DSL,68990,,,Real Stainless,396L,3,Double Door,,Twin Cooling Plus,,,,,,,,,,,,,,,,,,
SAM_REFRIGERATOR_2-DOOR-BM,SAM-REF-2-Door,Samsung Bespoke AI Double Door Refrigerator,Samsung,Refrigerator,Home & Kitchen Appliances,RT41DG6A2BB1,65990,,,Black Glass,396L,2,Double Door,,Twin Cooling Plus,,,,,,,,,,,,,,,,,,
SAM_REFRIGERATOR_2-DOOR-EI,SAM-REF-2-Door,Samsung Bespoke AI Double Door Refrigerator,Samsung,Refrigerator,Home & Kitchen Appliances,RT41DG6A2BS8,64990,,,Elegant Inox,396L,2,Double Door,,Twin Cooling Plus,,,,,,,,,,,,,,,,,,
SAM_REFRIGERATOR_2-DOOR-RS,SAM-REF-2-Door,Samsung Bespoke AI Double Door Refrigerator,Samsung,Refrigerator,Home & Kitchen Appliances,RT41DG6A2BSL,64990,,,Real Stainless,396L,2,Double Door,,Twin Cooling Plus,,,,,,,,,,,,,,,,,,
,,,,,,,,,,,,,,,,,,,,,,,,,,,,,,,,,
SAM_REFRIGERATOR_2-DOOR-BM,SAM-REF-2-Door,Samsung Bespoke AI Double Door Refrigerator,Samsung,Refrigerator,Home & Kitchen Appliances,RT38DG5A2BBX,57990,,,Luxe Black,350L,2,Double Door,,Twin Cooling ,,,,,,,,,,,,,,,,,,
SAM_REFRIGERATOR_2-DOOR-EZ CS,SAM-REF-2-Door,Samsung Bespoke AI Double Door Refrigerator,Samsung,Refrigerator,Home & Kitchen Appliances,RT38DG5A2BSL,57990,,,EZ Clean Steel,350L,2,Double Door,,Twin Cooling ,,,,,,,,,,,,,,,,,,
SAM_REFRIGERATOR_2-DOOR-EI,SAM-REF-2-Door,Samsung Bespoke AI Double Door Refrigerator,Samsung,Refrigerator,Home & Kitchen Appliances,RT38DG5A2BS8,56990,,,Elegant Inox,350L,2,Double Door,,Twin Cooling ,,,,,,,,,,,,,,,,,,
,,,,,,,,,,,,,,,,,,,,,,,,,,,,,,,,,
SAM_REFRIGERATOR_2-DOOR-BG,SAM-REF-2-Door,Samsung Bespoke AI Double Door Refrigerator,Samsung,Refrigerator,Home & Kitchen Appliances,RT45DB6A4B22,72990,,,Black Glass,419L,2,Double Door,,Twin Cooling ,,,,https://images.samsung.com/is/image/samsung/p6pim/in/rt45db6a4b22hl/gallery/in-top-mount-freezer-convertible-5-in-1-519108-rt45db6a4b22hl-548179682?$684_547_PNG$,https://images.samsung.com/is/image/samsung/p6pim/in/rt45db6a4b22hl/gallery/in-top-mount-freezer-convertible-5-in-1-519108-rt45db6a4b22hl-thumb-542989930?$64_64_PNG$,,,,,,,,,,,,,
,,,,,,,,,,,,,,,,,,,,,,,,,,,,,,,,,
SAM_REFRIGERATOR_Side By SIde-DOOR-BM,SAM-REF-Side by Side-Door,Samsung Convertible 5in1 Side By Side Door Refrigerator,Samsung,Refrigerator,Home & Kitchen Appliances,RS76CG8103B1,132000,,,Black Matt,653L,3,Side by side door,,Twin Cooling Plus,,,,https://images.samsung.com/is/image/samsung/p6pim/in/rs76cg8103b1hl/gallery/in-side-by-side-smart-conversion-545888-rs76cg8103b1hl-548902145?$684_547_PNG$,https://images.samsung.com/is/image/samsung/p6pim/in/rs76cg8103b1hl/gallery/in-side-by-side-smart-conversion-545888-rs76cg8103b1hl-thumb-546080558?$64_64_PNG$,,,,,,,,,,,,,
,,,,,,,,,,,,,,,,,,,,,,,,,,,,,,,,,
SAM_REFRIGERATOR_2-DOOR-BD,SAM-REF-2-Door,Samsung Bespoke AI Double Door Refrigerator,Samsung,Refrigerator,Home & Kitchen Appliances,RT80F51C2F,74990,,,Black Doi,467L,2,Double Door,,Twin Cooling ,,,,https://images.samsung.com/is/image/samsung/p6pim/in/rt80f51c2fhl/gallery/in-bespoke-ai-refrigerator-tmf-convertible-5in1-rt80f51c2fhl-548671924?$684_547_PNG$,https://images.samsung.com/is/image/samsung/p6pim/in/rt80f51c2fhl/gallery/in-bespoke-ai-refrigerator-tmf-convertible-5in1-rt80f51c2fhl-thumb-546061862?$64_64_PNG$,,,,,,,,,,,,,
SAM_REFRIGERATOR_2-DOOR-BG,SAM-REF-2-Door,Samsung Bespoke AI Double Door Refrigerator,Samsung,Refrigerator,Home & Kitchen Appliances,RT80F51C2B,82990,,,Black Glass,467L,2,Double Door,,Twin Cooling ,,,,,,,,,,,,,,,,,,
SAM_REFRIGERATOR_2-DOOR-RS,SAM-REF-2-Door,Samsung Bespoke AI Double Door Refrigerator,Samsung,Refrigerator,Home & Kitchen Appliances,RT80F51C2S,74990,,,Real Stainless,467L,2,Double Door,,Twin Cooling ,,,,,,,,,,,,,,,,,,
,,,,,,,,,,,,,,,,,,,,,,,,,,,,,,,,,
SAM_REFRIGERATOR_2-DOOR-RS,SAM-REF-2-Door,Samsung Bespoke AI Double Door Refrigerator,Samsung,Refrigerator,Home & Kitchen Appliances,RT56DG7A6ASL,94990,,,Real Stainless,530L,1,Double Door,,Twin Cooling ,,,,,,,,,,,,,,,,,,
SAM_REFRIGERATOR_2-DOOR-BM,SAM-REF-2-Door,Samsung Bespoke AI Double Door Refrigerator,Samsung,Refrigerator,Home & Kitchen Appliances,RT56DG7A6AB,94990,,,Black Matt,530L,1,Double Door,,Twin Cooling ,,,,,,,,,,,,,,,,,,
,,,,,,,,,,,,,,,,,,,,,,,,,,,,,,,,,
SAM_REFRIGERATOR_2-DOOR-EI,SAM-REF-Convertible-2Door,Samsung Convertible Double Door Refrigerator,Samsung,Refrigerator,Home & Kitchen Appliances,RT28C3733S8,40990,,,Elegant Inox,236L,3,Double Door,,,,,,,,,,,,,,,,,,,,
SAM_REFRIGERATOR_2-DOOR-LB,SAM-REF-Convertible-2Door,Samsung Convertible Double Door Refrigerator,Samsung,Refrigerator,Home & Kitchen Appliances,RT28C3733BX,41990,,,Luxe Black,236L,3,Double Door,,,,,,,,,,,,,,,,,,,,
SAM_REFRIGERATOR_2-DOOR-BM,SAM-REF-Convertible-2Door,Samsung Convertible Double Door Refrigerator,Samsung,Refrigerator,Home & Kitchen Appliances,RT28C3733B1,41990,,,Black Matt,236L,3,Double Door,,,,,,,,,,,,,,,,,,,,
SAM_REFRIGERATOR_2-DOOR-RS,SAM-REF-Convertible-2Door,Samsung Convertible Double Door Refrigerator,Samsung,Refrigerator,Home & Kitchen Appliances,RT28C3733SL,41990,,,Real Stainless,236L,3,Double Door,,,,,,,,,,,,,,,,,,,,
,,,,,,,,,,,,,,,,,,,,,,,,,,,,,,,,,
SAM_REFRIGERATOR_2-DOOR-LB,SAM-REF-Convertible-2Door,Samsung Convertible Double Door Refrigerator,Samsung,Refrigerator,Home & Kitchen Appliances,RT30C3733BX,44990,,,Luxe Black,256L,3,Double Door,,,,,,https://images.samsung.com/is/image/samsung/p6pim/in/rt30c3733bx-hl/gallery/in-top-mount-freezer-convertible-freezer-rt30c3733bx-hl-549006742?$684_547_PNG$,,,,,,,,,,,,,,
SAM_REFRIGERATOR_2-DOOR-BM,SAM-REF-Convertible-2Door,Samsung Convertible Double Door Refrigerator,Samsung,Refrigerator,Home & Kitchen Appliances,RT30C3733B1,45990,,,Black Matt,256L,3,Double Door,,,,,,https://images.samsung.com/is/image/samsung/p6pim/in/rt30c3733b1-hl/gallery/in-top-mount-freezer-convertible-freezer-rt30c3733b1-hl-549006670?$684_547_PNG$,,,,,,,,,,,,,,
SAM_REFRIGERATOR_2-DOOR-EI,SAM-REF-Convertible-2Door,Samsung Convertible Double Door Refrigerator,Samsung,Refrigerator,Home & Kitchen Appliances,RT30C3733S8,45990,,,Elegant Inox,256L,3,Double Door,,,,,,https://images.samsung.com/is/image/samsung/p6pim/in/rt30c3733s8-hl/gallery/in-top-mount-freezer-convertible-freezer-rt30c3733s8-hl-549006979?$684_547_PNG$,,,,,,,,,,,,,,
,,,,,,,,,,,,,,,,,,,,,,,,,,,,,,,,,
SAM_REFRIGERATOR_Side By SIde-DOOR-I,SAM-REF-Side by Side-Door,Samsung Convertible 5in1 Side By Side Door Refrigerator,Samsung,Refrigerator,Home & Kitchen Appliances,RS76CG8003S9,113000,,,Inox,653L,3,Side by side door,,Twin Cooling Plus,,,,https://images.samsung.com/is/image/samsung/p6pim/in/rs76cg8003s9hl/gallery/in-side-by-side-smart-conversion-rs76cg8003s9hl-534630761?$684_547_PNG$,https://images.samsung.com/is/image/samsung/p6pim/in/rs76cg8003s9hl/gallery/in-side-by-side-smart-conversion-rs76cg8003s9hl-thumb-534630758?$64_64_PNG$,,,,,,,,,,,,,
SAM_REFRIGERATOR_Side By SIde-DOOR-B DOI,SAM-REF-Side by Side-Door,Samsung Convertible 5in1 Side By Side Door Refrigerator,Samsung,Refrigerator,Home & Kitchen Appliances,RS76CG8003B1,121000,,,Black DOI,653L,3,Side by side door,,Twin Cooling Plus,,,,https://images.samsung.com/is/image/samsung/p6pim/in/rs76cg8003b1hl/gallery/in-side-by-side-smart-conversion-473881-rs76cg8003b1hl-537728316?$684_547_PNG$,https://images.samsung.com/is/image/samsung/p6pim/in/rs76cg8003b1hl/gallery/in-side-by-side-smart-conversion-473881-rs76cg8003b1hl-thumb-537728312?$64_64_PNG$,,,,,,,,,,,,,
,,,,,,,,,,,,,,,,,,,,,,,,,,,,,,,,,
SAM_REFRIGERATOR_1-DOOR-PBB,SAM-REF-Horizontal-1Door,Samsung Convertible Double Door Refrigerator,Samsung,Refrigerator,Home & Kitchen Appliances,RR23D2H359U,30999,,,Paradise Bloom Blue,215L,5,One Door,,Direct Cool,,,,https://images.samsung.com/is/image/samsung/p6pim/in/rr23d2h359u-hl/gallery/in-next-crown-door-and-handle-of-horizontal-design-492036-rr23d2h359u-hl-549050179?$684_547_PNG$,https://images.samsung.com/is/image/samsung/p6pim/in/rr23d2h359u-hl/gallery/in-next-crown-door-and-handle-of-horizontal-design-492036-rr23d2h359u-hl-thumb-539528398?$64_64_PNG$,,,,,,,,,,,,,
,,,,,,,,,,,,,,,,,,,,,,,,,,,,,,,,,
SAM_REFRIGERATOR_Side By SIde-DOOR-I,SAM-REF-Side by Side-Door,Samsung Convertible 5in1 Side By Side Door Refrigerator,Samsung,Refrigerator,Home & Kitchen Appliances,RS78CG8543S9,152000,,,Inox,633L,3,Side by side door,,Twin Cooling Plus,,,,,,,,,,,,,,,,,,
SAM_REFRIGERATOR_Side By SIde-DOOR-BM,SAM-REF-Side by Side-Door,Samsung Convertible 5in1 Side By Side Door Refrigerator,Samsung,Refrigerator,Home & Kitchen Appliances,RS78CG8543B1,162000,,,Black Matt,633L,3,Side by side door,,Twin Cooling Plus,,,,https://images.samsung.com/is/image/samsung/p6pim/in/rs78cg8543s9hl/gallery/in-side-by-side-smart-conversion-449598-rs78cg8543s9hl-535107895?$684_547_PNG$,https://images.samsung.com/is/image/samsung/p6pim/in/rs78cg8543s9hl/gallery/in-side-by-side-smart-conversion-449598-rs78cg8543s9hl-thumb-535107889?$64_64_PNG$,,,,,,,,,,,,,
SAM_REFRIGERATOR_Side By SIde-DOOR-RS,SAM-REF-Side by Side-Door,Samsung Convertible 5in1 Side By Side Door Refrigerator,Samsung,Refrigerator,Home & Kitchen Appliances,RS78CG8543SL,160000,,,Real Stainless,633L,3,Side by side door,,Twin Cooling Plus,,,,https://images.samsung.com/is/image/samsung/p6pim/in/rs78cg8543b1hl/gallery/in-side-by-side-smart-conversion-449598-rs78cg8543b1hl-535107876?$684_547_PNG$,https://images.samsung.com/is/image/samsung/p6pim/in/rs78cg8543b1hl/gallery/in-side-by-side-smart-conversion-449598-rs78cg8543b1hl-thumb-535107870?$64_64_PNG$,,,,,,,,,,,,,
,,,,,,,,,,,,,,,,,,,https://images.samsung.com/is/image/samsung/p6pim/in/rs78cg8543slhl/gallery/in-side-by-side-smart-conversion-449598-rs78cg8543slhl-535107914?$684_547_PNG$,,,,,,,,,,,,,,
,,,,,,,,,,,,,,,,,,,,,,,,,,,,,,,,,
SKU,Parent_SKU,Product_Name,Brand,Category,Sub_Category,Model_Number,MRP,Selling_Price,Stock_Quantity,Attribute_Color,Attribute_Capacity,Filter_Star,Filter_Type,App Connectivity,,Short_Description,Long_Description,Whats_In_The_Box,Image_URL_1,Image_URL_2,Image_URL_3,Image_URL_4,Image_URL_5,Image_URL_6,Video_URL_1,Video_URL_2,HSN_Code,GST_Rate,Shipping_Weight_kg,Shipping_Dimensions_cm,URL_Slug,Meta_Title,Meta_Description
WindFree Inverter Split AC,SAM-SPLIT-AC,WindFree Inverter Split AC,Samsung,Air Conditioner,Home Appliance,AR60F19D15W,84790,,,White,1.0 Ton (3.5 kW approx),5 Star,WindFree / Normal / Auto / Convertible 5-in-1,SmartThings / Wi-Fi.,,,,,https://images.samsung.com/is/image/samsung/p6pim/in/ar60f19d15wnna/energylabel/in-energylabel-product-ar60f19d15wnna-549428511?$684_547_PNG$,https://images.samsung.com/is/image/samsung/p6pim/in/ar60f19d15wnna/gallery/in-ar9500tar70f12caawneu-ar60f19d15wnna-544633666?$Q90_1368_1094_F_JPG$,https://images.samsung.com/is/image/samsung/p6pim/in/ar60f19d15wnna/gallery/in-ar9500tar70f12caawneu-ar60f19d15wnna-545274241?$Q90_1368_1094_F_JPG$,,,,https://youtu.be/BEy8i1To7Tg,https://youtu.be/Z8Jcmb6A8yY,,,,,,,
WindFree Inverter Split AC,SAM-SPLIT-AC,WindFree Inverter Split AC,Samsung,Air Conditioner,Home Appliance,AR60F19D15W,78890,,,White,1.0 Ton (3.5 kW approx),6 Star,WindFree / Normal / Auto / Convertible 5-in-2,SmartThings / Wi-Fi.,,,,,https://images.samsung.com/is/image/samsung/p6pim/in/ar60f19d15wnna/energylabel/in-energylabel-product-ar60f19d15wnna-549428511?$684_547_PNG$,https://images.samsung.com/is/image/samsung/p6pim/in/ar60f19d15wnna/gallery/in-ar9500tar70f12caawneu-ar60f19d15wnna-544633666?$Q90_1368_1094_F_JPG$,https://images.samsung.com/is/image/samsung/p6pim/in/ar60f19d15wnna/gallery/in-ar9500tar70f12caawneu-ar60f19d15wnna-545274241?$Q90_1368_1094_F_JPG$,,,,,,,,,,,,
WindFree Inverter Split AC,SAM-SPLIT-AC,WindFree Inverter Split AC,Samsung,Air Conditioner,Home Appliance,AR60F19D15W,80790,,,White,1.0 Ton (3.5 kW approx),7 Star,WindFree / Normal / Auto / Convertible 5-in-3,SmartThings / Wi-Fi.,,,,,https://images.samsung.com/is/image/samsung/p6pim/in/ar60f19d15wnna/energylabel/in-energylabel-product-ar60f19d15wnna-549428511?$684_547_PNG$,https://images.samsung.com/is/image/samsung/p6pim/in/ar60f19d15wnna/gallery/in-ar9500tar70f12caawneu-ar60f19d15wnna-544633666?$Q90_1368_1094_F_JPG$,https://images.samsung.com/is/image/samsung/p6pim/in/ar60f19d15wnna/gallery/in-ar9500tar70f12caawneu-ar60f19d15wnna-545274241?$Q90_1368_1094_F_JPG$,,,,,,,,,,,,
WindFree Inverter Split AC,SAM-SPLIT-AC,WindFree Inverter Split AC,Samsung,Air Conditioner,Home Appliance,AR60F19D15W,81789,,,White,1.0 Ton (3.5 kW approx),8 Star,WindFree / Normal / Auto / Convertible 5-in-4,SmartThings / Wi-Fi.,,,,,https://images.samsung.com/is/image/samsung/p6pim/in/ar60f19d15wnna/energylabel/in-energylabel-product-ar60f19d15wnna-549428511?$684_547_PNG$,https://images.samsung.com/is/image/samsung/p6pim/in/ar60f19d15wnna/gallery/in-ar9500tar70f12caawneu-ar60f19d15wnna-544633666?$Q90_1368_1094_F_JPG$,https://images.samsung.com/is/image/samsung/p6pim/in/ar60f19d15wnna/gallery/in-ar9500tar70f12caawneu-ar60f19d15wnna-545274241?$Q90_1368_1094_F_JPG$,,,,,,,,,,,,
WindFree Inverter Split AC,SAM-SPLIT-AC,WindFree Inverter Split AC,Samsung,Air Conditioner,Home Appliance,AR60F19D15W,65900,,,White,1.0 Ton (3.5 kW approx),9 Star,WindFree / Normal / Auto / Convertible 5-in-5,SmartThings / Wi-Fi.,,,,,https://images.samsung.com/is/image/samsung/p6pim/in/ar60f19d15wnna/energylabel/in-energylabel-product-ar60f19d15wnna-549428511?$684_547_PNG$,https://images.samsung.com/is/image/samsung/p6pim/in/ar60f19d15wnna/gallery/in-ar9500tar70f12caawneu-ar60f19d15wnna-544633666?$Q90_1368_1094_F_JPG$,https://images.samsung.com/is/image/samsung/p6pim/in/ar60f19d15wnna/gallery/in-ar9500tar70f12caawneu-ar60f19d15wnna-545274241?$Q90_1368_1094_F_JPG$,,,,,,,,,,,,
WindFree Inverter Split AC,SAM-SPLIT-AC,WindFree Inverter Split AC,Samsung,Air Conditioner,Home Appliance,AR60F19D15W,84790,,,White,1.0 Ton (3.5 kW approx),10 Star,WindFree / Normal / Auto / Convertible 5-in-6,SmartThings / Wi-Fi.,,,,,https://images.samsung.com/is/image/samsung/p6pim/in/ar60f19d15wnna/energylabel/in-energylabel-product-ar60f19d15wnna-549428511?$684_547_PNG$,https://images.samsung.com/is/image/samsung/p6pim/in/ar60f19d15wnna/gallery/in-ar9500tar70f12caawneu-ar60f19d15wnna-544633666?$Q90_1368_1094_F_JPG$,https://images.samsung.com/is/image/samsung/p6pim/in/ar60f19d15wnna/gallery/in-ar9500tar70f12caawneu-ar60f19d15wnna-545274241?$Q90_1368_1094_F_JPG$,,,,,,,,,,,,
WindFree Inverter Split AC,SAM-SPLIT-AC,WindFree Inverter Split AC,Samsung,Air Conditioner,Home Appliance,AR60F19D15W,58900,,,White,1.0 Ton (3.5 kW approx),11 Star,WindFree / Normal / Auto / Convertible 5-in-7,SmartThings / Wi-Fi.,,,,,https://images.samsung.com/is/image/samsung/p6pim/in/ar60f19d15wnna/energylabel/in-energylabel-product-ar60f19d15wnna-549428511?$684_547_PNG$,https://images.samsung.com/is/image/samsung/p6pim/in/ar60f19d15wnna/gallery/in-ar9500tar70f12caawneu-ar60f19d15wnna-544633666?$Q90_1368_1094_F_JPG$,https://images.samsung.com/is/image/samsung/p6pim/in/ar60f19d15wnna/gallery/in-ar9500tar70f12caawneu-ar60f19d15wnna-545274241?$Q90_1368_1094_F_JPG$,,,,,,,,,,,,
WindFree Inverter Split AC,SAM-SPLIT-AC,WindFree Inverter Split AC,Samsung,Air Conditioner,Home Appliance,AR60F19D15W,,,,White,1.0 Ton (3.5 kW approx),12 Star,WindFree / Normal / Auto / Convertible 5-in-8,SmartThings / Wi-Fi.,,,,,https://images.samsung.com/is/image/samsung/p6pim/in/ar60f19d15wnna/energylabel/in-energylabel-product-ar60f19d15wnna-549428511?$684_547_PNG$,https://images.samsung.com/is/image/samsung/p6pim/in/ar60f19d15wnna/gallery/in-ar9500tar70f12caawneu-ar60f19d15wnna-544633666?$Q90_1368_1094_F_JPG$,https://images.samsung.com/is/image/samsung/p6pim/in/ar60f19d15wnna/gallery/in-ar9500tar70f12caawneu-ar60f19d15wnna-545274241?$Q90_1368_1094_F_JPG$,,,,,,,,,,,,
WindFree Inverter Split AC,SAM-SPLIT-AC,WindFree Inverter Split AC,Samsung,Air Conditioner,Home Appliance,AR60F19D15W,,,,White,1.0 Ton (3.5 kW approx),13 Star,WindFree / Normal / Auto / Convertible 5-in-9,SmartThings / Wi-Fi.,,,,,https://images.samsung.com/is/image/samsung/p6pim/in/ar60f19d15wnna/energylabel/in-energylabel-product-ar60f19d15wnna-549428511?$684_547_PNG$,https://images.samsung.com/is/image/samsung/p6pim/in/ar60f19d15wnna/gallery/in-ar9500tar70f12caawneu-ar60f19d15wnna-544633666?$Q90_1368_1094_F_JPG$,https://images.samsung.com/is/image/samsung/p6pim/in/ar60f19d15wnna/gallery/in-ar9500tar70f12caawneu-ar60f19d15wnna-545274241?$Q90_1368_1094_F_JPG$,,,,,,,,,,,,
WindFree Inverter Split AC,SAM-SPLIT-AC,WindFree Inverter Split AC,Samsung,Air Conditioner,Home Appliance,AR60F19D15W,,,,White,1.0 Ton (3.5 kW approx),14 Star,WindFree / Normal / Auto / Convertible 5-in-10,SmartThings / Wi-Fi.,,,,,https://images.samsung.com/is/image/samsung/p6pim/in/ar60f19d15wnna/energylabel/in-energylabel-product-ar60f19d15wnna-549428511?$684_547_PNG$,https://images.samsung.com/is/image/samsung/p6pim/in/ar60f19d15wnna/gallery/in-ar9500tar70f12caawneu-ar60f19d15wnna-544633666?$Q90_1368_1094_F_JPG$,https://images.samsung.com/is/image/samsung/p6pim/in/ar60f19d15wnna/gallery/in-ar9500tar70f12caawneu-ar60f19d15wnna-545274241?$Q90_1368_1094_F_JPG$,,,,,,,,,,,,
WindFree Inverter Split AC,SAM-SPLIT-AC,WindFree Inverter Split AC,Samsung,Air Conditioner,Home Appliance,AR60F19D15W,,,,White,1.0 Ton (3.5 kW approx),15 Star,WindFree / Normal / Auto / Convertible 5-in-11,SmartThings / Wi-Fi.,,,,,https://images.samsung.com/is/image/samsung/p6pim/in/ar60f19d15wnna/energylabel/in-energylabel-product-ar60f19d15wnna-549428511?$684_547_PNG$,https://images.samsung.com/is/image/samsung/p6pim/in/ar60f19d15wnna/gallery/in-ar9500tar70f12caawneu-ar60f19d15wnna-544633666?$Q90_1368_1094_F_JPG$,https://images.samsung.com/is/image/samsung/p6pim/in/ar60f19d15wnna/gallery/in-ar9500tar70f12caawneu-ar60f19d15wnna-545274241?$Q90_1368_1094_F_JPG$,,,,,,,,,,,,
WindFree Inverter Split AC,SAM-SPLIT-AC,WindFree Inverter Split AC,Samsung,Air Conditioner,Home Appliance,AR60F19D15W,,,,White,1.0 Ton (3.5 kW approx),16 Star,WindFree / Normal / Auto / Convertible 5-in-12,SmartThings / Wi-Fi.,,,,,https://images.samsung.com/is/image/samsung/p6pim/in/ar60f19d15wnna/energylabel/in-energylabel-product-ar60f19d15wnna-549428511?$684_547_PNG$,https://images.samsung.com/is/image/samsung/p6pim/in/ar60f19d15wnna/gallery/in-ar9500tar70f12caawneu-ar60f19d15wnna-544633666?$Q90_1368_1094_F_JPG$,https://images.samsung.com/is/image/samsung/p6pim/in/ar60f19d15wnna/gallery/in-ar9500tar70f12caawneu-ar60f19d15wnna-545274241?$Q90_1368_1094_F_JPG$,,,,,,,,,,,,
,,,,,,,,,,,,,,,,,,,,,,,,,,,,,,,,,
,,,,,,,,,,,,,,,,,,,,,,,,,,,,,,,,,
,,,,,,,,,,,,,,,,,,,,,,,,,,,,,,,,,
,,,,,,,,,,,,,,,,,,,,,,,,,,,,,,,,,
,,,,,,,,,,,,,,,,,,,,,,,,,,,,,,,,,
,,,,,,,,,,,,,,,,,,,,,,,,,,,,,,,,,
,,,,,,,,,,,,,,,,,,,,,,,,,,,,,,,,,
,,,,,,,,,,,,,,,,,,,,,,,,,,,,,,,,,
,,,,,,,,,,,,,,,,,,,,,,,,,,,,,,,,,
,,,,,,,,,,,,,,,,,,,,,,,,,,,,,,,,,
,,,,,,,,,,,,,,,,,,,,,,,,,,,,,,,,,
,,,,,,,,,,,,,,,,,,,,,,,,,,,,,,,,,
,,,,,,,,,,,,,,,,,,,,,,,,,,,,,,,,,
,,,,,,,,,,,,,,,,,,,,,,,,,,,,,,,,,
,,,,,,,,,,,,,,,,,,,,,,,,,,,,,,,,,
,,,,,,,,,,,,,,,,,,,,,,,,,,,,,,,,,
,,,,,,,,,,,,,,,,,,,,,,,,,,,,,,,,,
,,,,,,,,,,,,,,,,,,,,,,,,,,,,,,,,,
,,,,,,,,,,,,,,,,,,,,,,,,,,,,,,,,,
,,,,,,,,,,,,,,,,,,,,,,,,,,,,,,,,,
,,,,,,,,,,,,,,,,,,,,,,,,,,,,,,,,,
,,,,,,,,,,,,,,,,,,,,,,,,,,,,,,,,,
,,,,,,,,,,,,,,,,,,,,,,,,,,,,,,,,,
,,,,,,,,,,,,,,,,,,,,,,,,,,,,,,,,,
,,,,,,,,,,,,,,,,,,,,,,,,,,,,,,,,,
,,,,,,,,,,,,,,,,,,,,,,,,,,,,,,,,,
LG ,,,,,,,,,,,,,,,,,,,,,,,,,,,,,,,,,
LG_REFRIGERATOR_Side By SIde Door-DS,LG-REF-Side by Side-Door,"LG Side by Side Door, Smart Inverter Compressor, Multi Air Flow, Smart Diagnosis",LG,Refrigerator,Home & Kitchen Appliances,GL-B257HDSY,110399,,,Dazzle Steel,655L,3,Side by Side Door,,Linear Cooling,,,,https://www.lg.com/content/dam/channel/wcms/in/images/refrigerators/gallery-new/GL-B257HDSY-2010x1334-1.jpg/jcr:content/renditions/thum-1100x730.jpeg?w=700,https://www.lg.com/content/dam/channel/wcms/in/images/refrigerators/gl-b257hdsy_ddszebn_eail_in_c/gallery/LG-GL-B257HDSY-refrigerators-Front-Right-Open-DZ-04.jpg,,,,,,,,,,,,,
LG_REFRIGERATOR_Side By SIde Door-WB,LG-REF-Side by Side-Door,"LG Side by Side Door, Smart Inverter Compressor, Multi Air Flow, Express Freezing",LG,Refrigerator,Home & Kitchen Appliances,GL-B257HWBY,110399,,,Western Black,655L,3,Side by Side Door,,Linear Cooling,,,,https://www.lg.com/content/dam/channel/wcms/in/images/refrigerators/gallery-new/GL-B257HWBY-2010x1334-1.jpg/jcr:content/renditions/thum-1100x730.jpeg?w=700,https://www.lg.com/content/dam/channel/wcms/in/images/refrigerators/gl-b257hwby_dwbzebn_eail_in_c/gallery/LG-GL-B257HWBY-refrigerators-Front-Open-Food-D-03.jpg?w=700,,,,,,,,,,,,,
LG_REFRIGERATOR_Side By SIde Door-LWF,LG-REF-Side by Side-Door,"LG Side by Side Door, Wi-Fi Covertible, DoorCooling+, Premium Glass Door",LG,Refrigerator,Home & Kitchen Appliances,GL-B257DLW3,158499,,,Linen White Finish,650L,3,Side by Side Door,,Door Cooling+,,,,https://www.lg.com/content/dam/channel/wcms/in/images/refrigerators/updated4/GL-B257DLW3-2010x1334-1.jpg/jcr:content/renditions/thum-1100x730.jpeg?w=700,https://www.lg.com/content/dam/channel/wcms/in/images/refrigerators/gl-b257dlw3_dlwzebn_eail_in_c/gallery/GL-B257DLW3-Refrigerators-LED-Front-View-WitH-Content-D-02-v.jpg?w=700,,,,,,,,,,,,,
LG_REFRIGERATOR_Side By SIde Door-MBF,LG-REF-Side by Side-Door,"LG Side by Side Door, InstaView Door-in-Door, Wi-Fi Covertible",LG,Refrigerator,Home & Kitchen Appliances,GL-X257AMC3,263999,,,Matte Black Finish,630L,3,Side by Side Door,,Door Cooling+,,,,https://www.lg.com/content/dam/channel/wcms/in/images/refrigerators/updated4/GL-X257AMC3-2010x1334-1.jpg/jcr:content/renditions/thum-1100x730.jpeg?w=700,https://www.lg.com/content/dam/channel/wcms/in/images/refrigerators/gl-x257amc3_dmczebn_eail_in_c/gallery/GL-X257AMC3-DZ-4.jpg/jcr:content/renditions/thum-1100x730.jpeg?w=700,,,,,,,,,,,,,
LG_REFRIGERATOR_Side By SIde Door-LBF,LG-REF-Side by Side-Door,"LG Side by Side Door, Wi-Fi Covertible, DoorCooling+, Premium Glass Door",LG,Refrigerator,Home & Kitchen Appliances,GL-B257DLN3,158499,,,Line Brown Finish,650L,3,Side by Side Door,,Door Cooling+,,,,https://www.lg.com/content/dam/channel/wcms/in/images/refrigerators/updated4/GL-B257DLN3-2010x1334-1.jpg/jcr:content/renditions/thum-1100x730.jpeg?w=700,https://www.lg.com/content/dam/channel/wcms/in/images/refrigerators/gl-b257dln3_dlnzebn_eail_in_c/gallery/GL-B257DLN3-Front-View-With-Food-D-2.jpg?w=700,,,,,,,,,,,,,
LG_REFRIGERATOR_Side By SIde Door-MB,LG-REF-Side by Side-Door,"LG Side by Side Door, Covertible",LG,Refrigerator,Home & Kitchen Appliances,GL-B257HMC3,128499,,,Matte Black ,650L,3,Side by Side Door,,Linear Cooling,,,,https://www.lg.com/content/dam/channel/wcms/in/images/refrigerators/updated/new/GL-B257HMC3-2010x1334-1.jpg/jcr:content/renditions/thum-1100x730.jpeg?w=700,https://www.lg.com/content/dam/channel/wcms/in/images/refrigerators/gl-b257hmc3_dmczebn_eail_in_c/gallery/new/dz-07.jpg/jcr:content/renditions/thum-1100x730.jpeg?w=700,,,,,,,,,,,,,
LG_REFRIGERATOR_Side By SIde Door-SSF,LG-REF-Side by Side-Door,"LG Side by Side Door, Wi-Fi Covertible,Water & Ice Dispenser,",LG,Refrigerator,Home & Kitchen Appliances,GL-L257CPZ3,167999,,,Shiny Steel Finish,630L,3,Side by Side Door,,Door Cooling+,,,,https://www.lg.com/content/dam/channel/wcms/in/images/refrigerators/updated4/GL-L257CPZ3-2010x1334-1.jpg/jcr:content/renditions/thum-1100x730.jpeg?w=700,https://www.lg.com/content/dam/channel/wcms/in/images/refrigerators/gl-l257cpz3_dpzzebn_eail_in_c/gallery/GL-L257CPZ3-DZ-2.jpg/jcr:content/renditions/thum-1100x730.jpeg?w=700,,,,,,,,,,,,,
LG_REFRIGERATOR_Side By SIde Door-USF,LG-REF-Side by Side-Door,"LG Side by Side Door, Wi-Fi Covertible, DoorCooling+",LG,Refrigerator,Home & Kitchen Appliances,GL-B257EUS3,140499,,,Urban Steel Finish,650L,3,Side by Side Door,,Door Cooling+,,,,https://www.lg.com/content/dam/channel/wcms/in/images/refrigerators/updated4/GL-B257EUS3-2010x1334-1.jpg/jcr:content/renditions/thum-1100x730.jpeg?w=700,https://www.lg.com/content/dam/channel/wcms/in/images/refrigerators/gl-b257eus3/dz-07.jpg/jcr:content/renditions/thum-1100x730.jpeg?w=700,,,,,,,,,,,,,
LG_REFRIGERATOR_Side By SIde Door-MBF,LG-REF-Side by Side-Door,"LG Side by Side Door, Wi-Fi Covertible, Water & Ice Dispenser",LG,Refrigerator,Home & Kitchen Appliances,GL-L257CMC3,167999,,,Matte Black Finish,630L,3,Side by Side Door,,Door Cooling+,,,,https://www.lg.com/content/dam/channel/wcms/in/images/refrigerators/updated4/GL-L257CMC3-2010x1334-1_1.jpg/jcr:content/renditions/thum-1100x730.jpeg?w=700,https://www.lg.com/content/dam/channel/wcms/in/images/refrigerators/gl-l257cmc3_dmczebn_eail_in_c/gallery/GL-L257CMC3-DZ-4.jpg/jcr:content/renditions/thum-1100x730.jpeg?w=700,,,,,,,,,,,,,
LG_REFRIGERATOR_Side By SIde Door-DS,LG-REF-Side by Side-Door,"LG Side by Side Door, Covertible, Multi-Air Flow, Smart Diagnosis",LG,Refrigerator,Home & Kitchen Appliances,GL-B257JDS3,119999,,,Dazzle Steel,650L,3,Side by Side Door,,,,,,https://www.lg.com/content/dam/channel/wcms/in/images/refrigerators/updated4/GL-B257JDS3-2010x1334-1.jpg/jcr:content/renditions/thum-1100x730.jpeg?w=700,https://www.lg.com/content/dam/channel/wcms/in/images/refrigerators/gallery/GL-B257JDS3-dz-07.jpg/jcr:content/renditions/thum-1100x730.jpeg?w=700,,,,,,,,,,,,,
,,,,,,,,,,,,,,,,,,,,,,,,,,,,,,,,,
LG_REFRIGERATOR_Double Door-DSF,LG-REF-Double-Door,"LG Double Door, Covertible, Auto Smart Connect",LG,Refrigerator,Home & Kitchen Appliances,GL-S342SDSX,45899,,,Dazzle Steel Finish,322L,3,Double Door,,,,,,https://www.lg.com/content/dam/channel/wcms/in/images/refrigerators/updated5/GL-S342SDSX-2010x1334-1.jpg/jcr:content/renditions/thum-1100x730.jpeg?w=700,https://www.lg.com/content/dam/channel/wcms/in/images/refrigirators/gl-s342sdsx/gallery/DZ-02.jpg/jcr:content/renditions/thum-1100x730.jpeg?w=700,,,,,,,,,,,,,
LG_REFRIGERATOR_Double Door-SSF,LG-REF-Double-Door,"LG Double Door, Covertible, Smart Diagnosis",LG,Refrigerator,Home & Kitchen Appliances,GL-S312SPZX,42899,,,Shiny Steel Finish,272L,3,Double Door,,,,,,https://www.lg.com/content/dam/channel/wcms/in/images/refrigerators/gl-s312spzx/gallery/GL-S312SPZX-2010x1334-1.jpg/jcr:content/renditions/thum-1100x730.jpeg?w=700,https://www.lg.com/content/dam/channel/wcms/in/images/refrigerators/gl-s312spzx/gallery/DZ-2.jpg/jcr:content/renditions/thum-1100x730.jpeg?w=700,,,,,,,,,,,,,
LG_REFRIGERATOR_Double Door-SSF,LG-REF-Double-Door,LG Covertible Double Door,LG,Refrigerator,Home & Kitchen Appliances,GL-S412SPZX,61799,,,Shiny Steel Finish,380L,3,Double Door,,,,,,https://www.lg.com/content/dam/channel/wcms/in/images/refrigerators/updated/new/GL-S412SPZX-2010x1334-1.jpg/jcr:content/renditions/thum-1100x730.jpeg?w=700,https://www.lg.com/content/dam/channel/wcms/in/images/refrigerators/gl-s412spzx-epzzebn-eail-in-c/gallery/new/GL-S412SPZX-DZ-3.jpg/jcr:content/renditions/thum-1100x730.jpeg?w=700,,,,,,,,,,,,,
LG_REFRIGERATOR_Double Door-ES,LG-REF-Double-Door,"LG Double Door, LG ThinQ, Wi-Fi Covertible, +DoorCooling",LG,Refrigerator,Home & Kitchen Appliances,GL-T342TESX,55999,,,Ebony Sheen,322L,3,Double Door,,Door Cooling+,,,,https://www.lg.com/content/dam/channel/wcms/in/images/refrigerators/gl-t342tesx-aeszebn-eail-in-c/gallery/GL-T342TESX-2010x1334-1.jpg/jcr:content/renditions/thum-1100x730.jpeg?w=700,https://www.lg.com/content/dam/channel/wcms/in/images/refrigerators/gl-t342tesx-aeszebn-eail-in-c/gallery/gl-t342tesx-dz-2.jpg/jcr:content/renditions/thum-1100x730.jpeg?w=700,,,,,,,,,,,,,
LG_REFRIGERATOR_Double Door-SSF,LG-REF-Double-Door,"LG Double Door, Covertible, Wi-Fi, Door Cooling",LG,Refrigerator,Home & Kitchen Appliances,GL-T422VPZX,71999,,,Shiny Steel Finish,398L,3,Double Door,,Door Cooling,,,,https://www.lg.com/content/dam/channel/wcms/in/images/refrigerators/updated/new/GL-T422VPZX-2010x1334.jpg/jcr:content/renditions/thum-1100x730.jpeg?w=700,https://www.lg.com/content/dam/channel/wcms/in/images/refrigerators/gl-t422vpzx_epzzebn_eail_in_c/gallery/GL-T422VPZX-Refrigerators-Front-Open-Food-D-02-v1.jpg?w=700,,,,,,,,,,,,,
LG_REFRIGERATOR_Double Door-SS,LG-REF-Double-Door,"LG Double Door, ,Wi- Fi Covertible, Door Cooling+, Smart Diagnosis",LG,Refrigerator,Home & Kitchen Appliances,GL-T342TPZY,53999,,,Shiny Steel Finish,322L,2,Double Door,,Door Cooling+,,,,https://www.lg.com/content/dam/channel/wcms/in/images/refrigerators/gl-t342tpzy_apzzebn_eail_in_c/gallery/GL-T342TPZY-2010x1334-1.jpg/jcr:content/renditions/thum-1100x730.jpeg?w=700,https://www.lg.com/content/dam/channel/wcms/in/images/refrigerators/gl-t342tpzy_apzzebn_eail_in_c/gallery/GL-T342TPZY-Refrigerators-Open-D-2.jpg?w=700,,,,,,,,,,,,,
LG_REFRIGERATOR_Double Door-DSF,LG-REF-Double-Door,"LG Double Door, LG ThinQ, Wi- Fi Covertible, Door Cooling+",LG,Refrigerator,Home & Kitchen Appliances,GL-T342TDSX,54599,,,Dazzle Steel Finish,322L,3,Double Door,,Door Cooling+,,,,https://www.lg.com/content/dam/channel/wcms/in/images/refrigerators/gl-t342tdsx_adszebn_eail_in_c/gallery/GL-T342TDSX-2010x1334-1.jpg/jcr:content/renditions/thum-1100x730.jpeg?w=700,https://www.lg.com/content/dam/channel/wcms/in/images/refrigerators/gl-t342tdsx_adszebn_eail_in_c/gallery/GL-T342TDSX-DZ-02.jpg/jcr:content/renditions/thum-1100x730.jpeg?w=700,,,,,,,,,,,,,
LG_REFRIGERATOR_Double Door-DSF,LG-REF-Double-Door,"LG Double Door, Wi- Fi Covertible, LG ThinQ, Door Cooling+",LG,Refrigerator,Home & Kitchen Appliances,GL-T382TDSX,59999,,,Dazzle Steel Finish,343L,3,Double Door,,Door Cooling+,,,,https://www.lg.com/content/dam/channel/wcms/in/images/refrigerators/gl-t382tdsx_adszebn_eail_in_c/gallery/new/GL-T382TDSX-2010x1334-1.jpg/jcr:content/renditions/thum-1100x730.jpeg?w=700,https://www.lg.com/content/dam/channel/wcms/in/images/refrigerators/gl-t382tdsx_adszebn_eail_in_c/gallery/new/GL-T382TDSX-DZ-2.jpg/jcr:content/renditions/thum-1100x730.jpeg?w=700,,,,,,,,,,,,,
LG_REFRIGERATOR_Double Door-ESF,LG-REF-Double-Door,"LG Double Door, Covertible, Wi- Fi, Door Cooling+",LG,Refrigerator,Home & Kitchen Appliances,GL-T422VESX,72999,,,Ebony Sheen Finish,398L,3,Double Door,,Door Cooling+,,,,https://www.lg.com/content/dam/channel/wcms/in/images/refrigerators/updated/new/GL-T422VESX-2010x1334.jpg/jcr:content/renditions/thum-1100x730.jpeg?w=700,https://www.lg.com/content/dam/channel/wcms/in/images/refrigerators/gl-t422vesx_eeszebn_eail_in_c/gallery/GL-T422VESX-Refrigerators-Front-Open-Food-D-02-v1.jpg?w=700,,,,,,,,,,,,,
LG_REFRIGERATOR_Double Door-BM,LG-REF-Double-Door,"LG Bottom Freezer,  Door Cooling+, Wi- Fi Convertible",LG,Refrigerator,Home & Kitchen Appliances,GL-B382EBMX,68999,,,Black Mirror,340L,3,Double Door,,Door Cooling+,,,,https://www.lg.com/content/dam/channel/wcms/in/images/refrigerators/updated5/GL-B382EBMX-2010x1334-1.jpg/jcr:content/renditions/thum-1100x730.jpeg?w=700,https://www.lg.com/content/dam/channel/wcms/in/images/refrigerators/gl-b382ebmx_abmzebn_eail_in_c/gallery/new/GL-B382EBMX-DZ-3.jpg/jcr:content/renditions/thum-1100x730.jpeg?w=700,,,,,,,,,,,,,
LG_REFRIGERATOR_Double Door-DSF,LG-REF-Double-Door,"LG Double Door, Smart Inverter Compressor, Convertible, Frost-Free ",LG,Refrigerator,Home & Kitchen Appliances,GL-S382SDSX,50799,,,Dazzle Steel Finish,343L,3,Double Door,,Door Cooling+,,,,https://www.lg.com/content/dam/channel/wcms/in/images/refrigerators/updated5/GL-S382SDSX-2010x1334-1.jpg/jcr:content/renditions/thum-1100x730.jpeg?w=700,https://www.lg.com/content/dam/channel/wcms/in/images/refrigerators/gl-s382sdsx_adszebn_eail_in_c/gallery/GL-S382SDSX-DZ-2.jpg/jcr:content/renditions/thum-1100x730.jpeg?w=700,,,,,,,,,,,,,
LG_REFRIGERATOR_Double Door-SSF,LG-REF-Double-Door,"LG Double Door, Convertible, Wi-Fi, Door Cooling",LG,Refrigerator,Home & Kitchen Appliances,GL-T412VPZX,68499,,,Shiny Steel Finish,380L,3,Double Door,,Door Cooling+,,,,https://www.lg.com/content/dam/channel/wcms/in/images/refrigerators/updated/new/GL-T412VPZX-2010x1334.jpg/jcr:content/renditions/thum-1100x730.jpeg?w=700,https://www.lg.com/content/dam/channel/wcms/in/images/refrigerators/gl-t412vpzx_epzzebn_eail_in_c/gallery/GL-T412VPZX-Refrigerators-Front-View-with-content-D-02.jpg?w=700,,,,,,,,,,,,,
LG_REFRIGERATOR_Double Door-DSF,LG-REF-Double-Door,"LG Double Door, Smart Inverter Compressor, Frost-Free",LG,Refrigerator,Home & Kitchen Appliances,GL-N292BDSY,31499,,,Dazzle Steel Finish,242L,2,Double Door,,,,,,https://www.lg.com/content/dam/channel/wcms/in/images/refrigerators/updated/new/GL-N292BDSY-2010x1334.jpg/jcr:content/renditions/thum-1100x730.jpeg?w=700,https://www.lg.com/content/dam/channel/wcms/in/images/refrigerators/gl-n292bdsy_adszebn_eail_in_c/gallery/N02_GL-N292BDSY-Refrigerators-Front-View-Door-Open-With-Content-D-02.jpg?w=700,,,,,,,,,,,,,
LG_REFRIGERATOR_Double Door-SSF,LG-REF-Double-Door,"LG Double Door, Smart Inverter Compressor, Base Stand Drawer",LG,Refrigerator,Home & Kitchen Appliances,GL-C322KPZY,42999,,,Shiny Steel Finish,291L,2,Double Door,,,,,,https://www.lg.com/content/dam/channel/wcms/in/images/refrigerators/gl-c322kpzy_apzzebn_eail_in_c/gallery/GL-C322KPZY-2010x1334-1.jpg/jcr:content/renditions/thum-1100x730.jpeg?w=700,https://www.lg.com/content/dam/channel/wcms/in/images/refrigerators/gl-c322kpzy_apzzebn_eail_in_c/gallery/Desktop-n-02.jpg?w=700,,,,,,,,,,,,,
LG_REFRIGERATOR_Double Door-SSF,LG-REF-Double-Door,"LG Double Door, Smart Inverter Compressor, Convertible",LG,Refrigerator,Home & Kitchen Appliances,GL-S322SPZY,43999,,,Shiny Steel ,288L,2,Double Door,,,,,,https://www.lg.com/content/dam/channel/wcms/in/images/refrigerators/gl-s322spzy_apzzebn_eail_in_c/gallery/GL-S322SPZY-2010x1334-1.jpg/jcr:content/renditions/thum-1100x730.jpeg?w=700,https://www.lg.com/content/dam/channel/wcms/in/images/refrigerators/gl-s322spzy_apzzebn_eail_in_c/gallery/GL-S322SPZY-Refrigerators-Front-Open-Food-D-02.jpg?w=700,,,,,,,,,,,,,
LG_REFRIGERATOR_Double Door-SF,LG-REF-Double-Door,"LG Double Door, LG ThinQ, Wi-Fi Convertible, Door Cooling+",LG,Refrigerator,Home & Kitchen Appliances,GL-T312TPZX,45799,,,Shiny Steel Finish,272L,2,Double Door,,,,,,https://www.lg.com/content/dam/channel/wcms/in/images/refrigerators/gl-t312tpzx_apzzebn_eail_in_c/GL-T312TPZX-2010x1334-1.jpg/jcr:content/renditions/thum-1100x730.jpeg?w=700,https://www.lg.com/content/dam/channel/wcms/in/images/refrigerators/gl-t312tpzx_apzzebn_eail_in_c/GL-T312TPZX-Refrigerators-Front-Open-Food-D-02.jpg?w=700,,,,,,,,,,,,,
LG_REFRIGERATOR_Double Door-ESF,LG-REF-Double-Door,"LG Double Door, Convertible, DoorCooling+",LG,Refrigerator,Home & Kitchen Appliances,GL-T262TESX,43999,,,Ebony Sheen ,246L,3,Double Door,,Door Cooling+,,,,https://www.lg.com/content/dam/channel/wcms/in/images/refrigerators/updated/new/GL-T262TESX-2010x1334-1.jpg/jcr:content/renditions/thum-1100x730.jpeg?w=700,https://www.lg.com/content/dam/channel/wcms/in/images/refrigerators/gl-t262tesx_deszebn_eail_in_c/gallery/GL-T262TESX-Refrigerators-Front-Open-Food-D-2.jpg?w=700,,,,,,,,,,,,,
LG_REFRIGERATOR_Double Door-ES,LG-REF-Double-Door,"LG Double Door, Smart Inverter Compressor, Convertible, Door Cooling",LG,Refrigerator,Home & Kitchen Appliances,GL-T382TESX,62999,,,Ebony Sheen Finish,343L,3,Double Door,,Door Cooling+,,,,https://www.lg.com/content/dam/channel/wcms/in/images/refrigerators/gl-t382tesx_aeszebn_eail_in_c/gallery/GL-T382TESX-2010x1334-1.jpg/jcr:content/renditions/thum-1100x730.jpeg?w=700,https://www.lg.com/content/dam/channel/wcms/in/images/refrigerators/gl-t382tesx_aeszebn_eail_in_c/gallery/GL-T382TESX-Refrigerators-Front-Open-Food-D02.jpg?w=700,,,,,,,,,,,,,
LG_REFRIGERATOR_Double Door-SSF,LG-REF-Double-Door,"LG Double Door, Convertible",LG,Refrigerator,Home & Kitchen Appliances,GL-S262SPZX,41499,,,Shiny Steel Finish,246L,3,Double Door,,,,,,https://www.lg.com/content/dam/channel/wcms/in/images/refrigerators/updated/new/GL-S262SPZX-2010x1334.jpg/jcr:content/renditions/thum-1100x730.jpeg?w=700,https://www.lg.com/content/dam/channel/wcms/in/images/refrigerators/gl-s262spzx_apzzebn_eail_in_c/gallery/GL-S262SPZX-Refrigerators-Front-View-with-content-D-02.jpg?w=700,,,,,,,,,,,,,
LG_REFRIGERATOR_Double Door-ES,LG-REF-Double-Door,"LG Double Door, Smart Inverter Compressor",LG,Refrigerator,Home & Kitchen Appliances,GL-T502CESR,71499,,,Ebony Sheen ,446L,3,Double Door,,,,,,https://www.lg.com/content/dam/channel/wcms/in/images/refrigerators/updated/new/GL-T502CESR-2010x1334-1.jpg/jcr:content/renditions/thum-1100x730.jpeg?w=700,https://www.lg.com/content/dam/channel/wcms/in/images/refrigerators/gl-t502cesr-deszebn-eail-in-c/new/GL-T502CESR-DZ-3.jpg/jcr:content/renditions/thum-1100x730.jpeg?w=700,,,,,,,,,,,,,
LG_REFRIGERATOR_Double Door-SSF,LG-REF-Double-Door,"LG Double Door, Frost Free Inverter, Wi-Fi, Hygiene Fresh",LG,Refrigerator,Home & Kitchen Appliances,GR-H812HLHM,111499,,,Shiny Steel Finish,592L,1,Double Door,,Door Cooling+,,,,https://www.lg.com/content/dam/channel/wcms/in/images/refrigerators/updated/new/GR-H812HLHM-2010x1334-1.jpg/jcr:content/renditions/thum-1100x730.jpeg?w=700,https://www.lg.com/content/dam/channel/wcms/in/images/refrigerators/gr-h812hlhm_apzqebn_eail_in_c/gallery/2010/top-freezer-alpha1-2024-gr-h802hlhm-gr-h812hlhm-pz-03-front-all-open-2010x1334.jpg/jcr:content/renditions/thum-1100x730.jpeg?w=700,,,,,,,,,,,,,
LG_REFRIGERATOR_Double Door-ESF,LG-REF-Double-Door,"LG Double Door, Wi-Fi Convertible, Door Cooling+",LG,Refrigerator,Home & Kitchen Appliances,GL-T312TESX,46299,,,Ebony Sheen Finish,272L,3,Double Door,,Door Cooling+,,,,https://www.lg.com/content/dam/channel/wcms/in/images/refrigerators/gl-t312tesx_aeszebn_eail_in_c/gallery/GL-T312TESX-2010x1334-1.jpg/jcr:content/renditions/thum-1100x730.jpeg?w=700,https://www.lg.com/content/dam/channel/wcms/in/images/refrigerators/gl-t312tesx_aeszebn_eail_in_c/gallery/GL-T312TESX-Refrigerators-Front-Open-Food-D-02.jpg?w=700,,,,,,,,,,,,,
LG_REFRIGERATOR_Double Door-SSF,LG-REF-Double-Door,"LG Double Door, Door Cooling+",LG,Refrigerator,Home & Kitchen Appliances,GL-T502CPZR,69999,,,Shiny Steel Finish,446L,3,Double Door,,Door Cooling+,,,,https://www.lg.com/content/dam/channel/wcms/in/images/refrigerators/updated/new/GL-T502CPZR-2010x1334-1.jpg/jcr:content/renditions/thum-1100x730.jpeg?w=700,https://www.lg.com/content/dam/channel/wcms/in/images/refrigerators/gl-t502cpzr-dpzzebn-eail-in-c/gallery/GL-T502CPZR-DZ-3.jpg/jcr:content/renditions/thum-1100x730.jpeg?w=700,,,,,,,,,,,,,
LG_REFRIGERATOR_Double Door-ESF,LG-REF-Double-Door,"LG Double Door,Wi-Fi Convertible, Door Cooling",LG,Refrigerator,Home & Kitchen Appliances,GL-T412VESX,69499,,,Ebony Sheen Finish,380L,3,Double Door,,,,,,https://www.lg.com/content/dam/channel/wcms/in/images/refrigerators/updated/new/GL-T412VESX-2010x1334.jpg/jcr:content/renditions/thum-1100x730.jpeg?w=700,https://www.lg.com/content/dam/channel/wcms/in/images/refrigerators/gl-t412vesx_eeszebn_eail_in_c/gallery/GL-T412VESX-Refrigerators-Front-View-with-content-D-02.jpg?w=700,,,,,,,,,,,,,
LG_REFRIGERATOR_Double Door-SSF,LG-REF-Double-Door,"LG Double Door, Smart Diagnosis, Smart Inverter Compressor",LG,Refrigerator,Home & Kitchen Appliances,GL-S342SPZY,52999,,,Shiny Steel Finish,322L,3,Double Door,,,,,,https://www.lg.com/content/dam/channel/wcms/in/images/refrigerators/gl-s342spzy_apzzebn_eail_in_c/gallery/GL-S342SPZY-2010x1334-1.jpg/jcr:content/renditions/thum-1100x730.jpeg?w=700,https://www.lg.com/content/dam/channel/wcms/in/images/refrigerators/gl-s342spzy_apzzebn_eail_in_c/gallery/GL-S342SPZY-Refrigerators-Front-Open-Food-D-02.jpg?w=700,,,,,,,,,,,,,
LG_REFRIGERATOR_Double Door-SS,LG-REF-Double-Door,"LG Double Door, Convertible, Multi Air Flow",LG,Refrigerator,Home & Kitchen Appliances,GL-S312SPZY,41499,,,Shiny Steel ,272L,2,Double Door,,,,,,https://www.lg.com/content/dam/channel/wcms/in/images/refrigerators/gl-s312spzy_apzzebn_eail_in_c/gallery/GL-S312SPZY-2010x1334-1.jpg/jcr:content/renditions/thum-1100x730.jpeg?w=700,https://www.lg.com/content/dam/channel/wcms/in/images/refrigerators/gl-s312spzy_apzzebn_eail_in_c/gallery/GL-S312SPZY-Refrigerators-Front-Open-Food-MZ-2.jpg?w=700,,,,,,,,,,,,,
LG_REFRIGERATOR_Double Door-SSF,LG-REF-Double-Door,"LG Double Door, Convertible, DoorCooling+",LG,Refrigerator,Home & Kitchen Appliances,GL-T292RPZY,36999,,,Shiny Steel Finish,240L,2,Double Door,,Door Cooling+,,,,https://www.lg.com/content/dam/channel/wcms/in/images/refrigerators/updated/new/GL-T292RPZY-2010x1334.jpg/jcr:content/renditions/thum-1100x730.jpeg?w=700,https://www.lg.com/content/dam/channel/wcms/in/images/refrigerators/gl-t292rpzy_dpzzebn_eail_in_c/gallery/02-1100x730.jpg?w=700,,,,,,,,,,,,,
LG_REFRIGERATOR_Double Door-SSF,LG-REF-Double-Door,"LG Double Door, Convertible, Smart Diagnosis",LG,Refrigerator,Home & Kitchen Appliances,GL-S382SPZY,55999,,,Shiny Steel Finish,343L,2,Double Door,,,,,,https://www.lg.com/content/dam/channel/wcms/in/images/refrigerators/gl-s382spzy_apzzebn_eail_in_c/gallery/GL-S382SPZY-2010x1334-1.jpg/jcr:content/renditions/thum-1100x730.jpeg?w=700,https://www.lg.com/content/dam/channel/wcms/in/images/refrigerators/gl-s382spzy_apzzebn_eail_in_c/gallery/GL-S382SPZY-Refrigerators-Front-View-Door-Open-With-Content-D-02.jpg?w=700,,,,,,,,,,,,,
LG_REFRIGERATOR_Double Door-SSF,LG-REF-Double-Door,"LG Double Door, Convertible, DoorCooling+",LG,Refrigerator,Home & Kitchen Appliances,,,,,,,,,,,,,,,,,,,,,,,,,,,,
LG_REFRIGERATOR_Double Door-SSF,LG-REF-Double-Door,"LG Double Door, Convertible, DoorCooling+",LG,Refrigerator,Home & Kitchen Appliances,,,,,,,,,,,,,,,,,,,,,,,,,,,,
,,,,,,,,,,,,,,,,,,,,,,,,,,,,,,,,,
,,,,,,,,,,,,,,,,,,,,,,,,,,,,,,,,,
,,,,,,,,,,,,,,,,,,,,,,,,,,,,,,,,,
,,,,,,,,,,,,,,,,,,,,,,,,,,,,,,,,,
,,,,,,,,,,,,,,,,,,,,,,,,,,,,,,,,,
,,,,,,,,,,,,,,,,,,,,,,,,,,,,,,,,,
,,,,,,,,,,,,,,,,,,,,,,,,,,,,,,,,,
,,,,,,,,,,,,,,,,,,,,,,,,,,,,,,,,,
,,,,,,,,,,,,,,,,,,,,,,,,,,,,,,,,,
,,,,,,,,,,,,,,,,,,,,,,,,,,,,,,,,,
,,,,,,,,,,,,,,,,,,,,,,,,,,,,,,,,,
,,,,,,,,,,,,,,,,,,,,,,,,,,,,,,,,,
,,,,,,,,,,,,,,,,,,,,,,,,,,,,,,,,,
,,,,,,,,,,,,,,,,,,,,,,,,,,,,,,,,,
,,,,,,,,,,,,,,,,,,,,,,,,,,,,,,,,,
,,,,,,,,,,,,,,,,,,,,,,,,,,,,,,,,,
,,,,,,,,,,,,,,,,,,,,,,,,,,,,,,,,,
SKU,Parent_SKU,Product_Name,Brand,Category,Sub_Category,Model_Number,MRP,Selling_Price,Stock_Quantity,Attribute_Color,Attribute_Washer/Dryer Capacity,Attribute_Technology,Filter_Pannel Display Type,Filter_,Short_Description,Long_Description,Whats_In_The_Box,Image_URL_1,Image_URL_2,Image_URL_3,Image_URL_4,Image_URL_5,Image_URL_6,Video_URL_1,Video_URL_2,HSN_Code,GST_Rate,Shipping_Weight_kg,Shipping_Dimensions_cm,URL_Slug,Meta_Title,Meta_Description,
SAM_WM-B,SAM-AI-WM,"Samsung 12 kg/7 kg Front Load Washer Dryer Combo, Superspeed,",Samsung,Washing Machine,Home & Kitchen Appliances,WD12FG5B34BB,86990,,,Black,12Kg/7Kg,Bubble Technology,LED,,,,,https://images.samsung.com/is/image/samsung/p6pim/in/wd12fg5b34bbtl/gallery/in-wd5000f-wd12fg5b34bbtl-548523097?$684_547_PNG$,https://images.samsung.com/is/image/samsung/p6pim/in/wd12fg5b34bbtl/gallery/in-wd5000f-wd12fg5b34bbtl-thumb-548523092?$64_64_PNG$,,,,,,,,,,,,,,
SAM_WM-B,SAM-AI-WM,"Samsung Front Load Washer Dryer Combo, Q-Drive",Samsung,Washing Machine,Home & Kitchen Appliances,WD12FB7B34GB,91990,,,Black,12Kg/7Kg,Bubble Technology,LED,,,,,https://images.samsung.com/is/image/samsung/p6pim/in/wd12fb7b34gbtl/gallery/in-wd7000f-wd12fb7b34gbtl-548522986?$684_547_PNG$,https://images.samsung.com/is/image/samsung/p6pim/in/wd12fb7b34gbtl/gallery/in-wd7000f-wd12fb7b34gbtl-thumb-548522978?$64_64_PNG$,,,,,,,,,,,,,,
SAM_WM-B,SAM-WM,"Samsung 9.0 kg Front Load Washing Machine, Hygiene Steam",Samsung,Washing Machine,Home & Kitchen Appliances,WW90FG4U04AB,51990,,,Black,9Kg,,LED,,,,,https://images.samsung.com/is/image/samsung/p6pim/in/ww90fg4u04abtl/gallery/in-ww4000f-ww90fg4u04abtl-ww90fg4u04abtl-548036443?$684_547_PNG$,https://images.samsung.com/is/image/samsung/p6pim/in/ww90fg4u04abtl/gallery/in-ww4000f-ww90fg4u04abtl-ww90fg4u04abtl-thumb-548036434?$64_64_PNG$,,,,,,,,,,,,,,
SAM_WM-N,SAM-WM,"Samsung 9.0 kg Front Load Washing Machine, Hygiene Steam",Samsung,Washing Machine,Home & Kitchen Appliances,WW90FG4U04AS,50990,,,Navy,9Kg,,LED,,,,,https://images.samsung.com/is/image/samsung/p6pim/in/ww90fg4u04astl/gallery/in-ww4000f-ww90fg4u04abtl-ww90fg4u04astl-548036462?$684_547_PNG$,https://images.samsung.com/is/image/samsung/p6pim/in/ww90fg4u04astl/gallery/in-ww4000f-ww90fg4u04abtl-ww90fg4u04astl-thumb-548036455?$64_64_PNG$,,,,,,,,,,,,,,
SAM_WM-B,SAM-AI-WM,"Samsung12 kg/7 kg Front Load Washer Dryer Combo, AI Wash",Samsung,Washing Machine,Home & Kitchen Appliances,WD12FB8B94GB,99999,,,Black,12Kg/7Kg,Bubble Technology,LED,,,,,,,,,,,,,,,,,,,,
SAM_WM-LG,SAM-AI-WM,Samsung  8.0 kg Ecobubble Top Load Washing Machine,Samsung,Washing Machine,Home & Kitchen Appliances,WA80BG4441BG,27000,,,Light Gray,8Kg,Diamond Drum,RED LED,,,,,https://images.samsung.com/is/image/samsung/p6pim/in/wa80bg4441bgtl/gallery/in-wa4000b-433542-wa80bg4441bgtl-533454834?$684_547_PNG$,https://images.samsung.com/is/image/samsung/p6pim/in/wa80bg4441bgtl/gallery/in-wa4000b-433542-wa80bg4441bgtl-533454822?$Q90_684_547_JPG$,,,,,,,,,,,,,,
SAM_WM-DG,SAM-AI-WM,Samsung  8.0 kg Ecobubble Top Load Washing Machine,Samsung,Washing Machine,Home & Kitchen Appliances,WA80BG4441BD,25500,,,Dark Gray,8Kg,Diamond Drum,RED LED,,,,,https://images.samsung.com/is/image/samsung/p6pim/in/wa80bg4441bdtl/gallery/in-wa4000b-433542-wa80bg4441bdtl-533454813?$684_547_PNG$,https://images.samsung.com/is/image/samsung/p6pim/in/wa80bg4441bdtl/gallery/in-wa4000b-433542-wa80bg4441bdtl-thumb-533454808?$64_64_PNG$,,,,,,,,,,,,,,
SAM_WM-BC,SAM-AI-WM,Samsung 8.0 kg Top Load Washing Machine with AI Wash and Super Speed,Samsung,Washing Machine,Home & Kitchen Appliances,WA80F08S2B,32990,,,Black Caviar,8Kg,,,,,,,,,,,,,,,,,,,,,,
SAM_WM-B,SAM-AI-WM,"Samsung 12 kg/7 kg Front Load Washer Dryer Combo, Superspeed,",Samsung,Washing Machine,Home & Kitchen Appliances,,,,,,,,,,,,,,,,,,,,,,,,,,,,
SAM_WM-B,SAM-AI-WM,"Samsung 12 kg/7 kg Front Load Washer Dryer Combo, Superspeed,",Samsung,Washing Machine,Home & Kitchen Appliances,,,,,,,,,,,,,,,,,,,,,,,,,,,,
SAM_WM-B,SAM-AI-WM,"Samsung 12 kg/7 kg Front Load Washer Dryer Combo, Superspeed,",Samsung,Washing Machine,Home & Kitchen Appliances,,,,,,,,,,,,,,,,,,,,,,,,,,,,
SAM_WM-B,SAM-AI-WM,"Samsung 12 kg/7 kg Front Load Washer Dryer Combo, Superspeed,",Samsung,Washing Machine,Home & Kitchen Appliances,,,,,,,,,,,,,,,,,,,,,,,,,,,,
SAM_WM-B,SAM-AI-WM,"Samsung 12 kg/7 kg Front Load Washer Dryer Combo, Superspeed,",Samsung,Washing Machine,Home & Kitchen Appliances,,,,,,,,,,,,,,,,,,,,,,,,,,,,