productName,productTitle,productDescription,category,subcategory,price,discountPrice,stock,sku,unit,images,isActive,splineModelUrl,variants,keyFeatures,whatsInBox,specifications,shipmentLength,shipmentWidth,shipmentHeight,shipmentWeight,frequentlyBoughtTogether,youtubeVideoUrls,productVideos
"Samsung 55"" Crystal 4K UHD Smart TV (2024)","Samsung 55"" Crystal 4K UHD Smart TV (2024)","Samsung 55"" Crystal 4K UHD Smart TV (2024)",TV,Smart TV,61190,,45,TV-240101-S55,,"https://images.samsung.com/is/image/samsung/p6pim/in/ua55cu7700klxl/gallery/in-crystal-uhd-cu7700-ua55cu7700klxl-536855688?$650_519_PNG$,https://images.samsung.com/is/image/samsung/p6pim/in/ua55cu7700klxl/gallery/in-crystal-uhd-cu7700-ua55cu7700klxl-thumb-536855689?$650_519_PNG$,https://images.samsung.com/is/image/samsung/p6pim/in/ua55cu7700klxl/gallery/in-crystal-uhd-cu7700-ua55cu7700klxl-thumb-536855690?$650_519_PNG$",True,,"[{""variantName"":""Samsung 55\"" Crystal 4K UHD Smart TV - Black"",""stock"":45,""price"":""61190"",""discountPrice"":""56490"",""sku"":""TV-240101-S55-BLK"",""attributes"":{""color"":""Black"",""size"":""55 inch""}}]",,,"Display:55 inch Crystal 4K UHD,Resolution:3840x2160,HDR:HDR10+,Refresh Rate:60Hz,OS:Tizen,Connectivity:WiFi 5,Bluetooth 5.2,HDMI Ports:3,USB Ports:2,Smart Features:Alexa Built-in,Google Assistant,Brand:Samsung,Model:UA55CU7700",130,80,15,18.0,,https://www.youtube.com/watch?v=samsung_tv_55_4k,
"Samsung 65"" QLED 4K Smart TV Q60D (2024)","Samsung 65"" QLED 4K Smart TV Q60D (2024)","Samsung 65"" QLED 4K Smart TV Q60D (2024)",TV,Smart TV,94150,,30,TV-240102-SQ65,,"https://images.samsung.com/is/image/samsung/p6pim/in/qa65q60daklxl/gallery/in-qled-q60d-qa65q60daklxl-thumb-539991342?$650_519_PNG$,https://images.samsung.com/is/image/samsung/p6pim/in/qa65q60daklxl/gallery/in-qled-q60d-qa65q60daklxl-thumb-539991343?$650_519_PNG$,https://images.samsung.com/is/image/samsung/p6pim/in/qa65q60daklxl/gallery/in-qled-q60d-qa65q60daklxl-thumb-539991344?$650_519_PNG$",True,,"[{""variantName"":""Samsung 65\"" QLED 4K Smart TV Q60D - Black"",""stock"":30,""price"":""94150"",""discountPrice"":""84690"",""sku"":""TV-240102-SQ65-BLK"",""attributes"":{""color"":""Black"",""size"":""65 inch""}}]",,,"Display:65 inch QLED 4K,Resolution:3840x2160,HDR:Quantum HDR,Refresh Rate:120Hz,OS:Tizen,Connectivity:WiFi 6,Bluetooth 5.2,HDMI Ports:4,USB Ports:2,Smart Features:Alexa,Google Assistant,Bixby,Brand:Samsung,Model:QN65Q60D",155,92,16,22.0,,https://www.youtube.com/watch?v=samsung_qled_q60d,
"Samsung 75"" Neo QLED 8K Smart TV QN800D (2024)","Samsung 75"" Neo QLED 8K Smart TV QN800D (2024)","Samsung 75"" Neo QLED 8K Smart TV QN800D (2024)",TV,Smart TV,329510,,12,TV-240103-SN75,,"https://images.samsung.com/is/image/samsung/p6pim/in/qa75qn800dklxl/gallery/in-neo-qled-8k-qn800d-qa75qn800dklxl-thumb-539382779?$650_519_PNG$,https://images.samsung.com/is/image/samsung/p6pim/in/qa75qn800dklxl/gallery/in-neo-qled-8k-qn800d-qa75qn800dklxl-thumb-539382780?$650_519_PNG$,https://images.samsung.com/is/image/samsung/p6pim/in/qa75qn800dklxl/gallery/in-neo-qled-8k-qn800d-qa75qn800dklxl-thumb-539382781?$650_519_PNG$",True,,"[{""variantName"":""Samsung 75\"" Neo QLED 8K QN800D - Black"",""stock"":12,""price"":""329510"",""discountPrice"":""301200"",""sku"":""TV-240103-SN75-BLK"",""attributes"":{""color"":""Black"",""size"":""75 inch""}}]",,,"Display:75 inch Neo QLED 8K,Resolution:7680x4320,HDR:Quantum HDR 32x,Refresh Rate:120Hz,Processor:Neural Quantum 8K,OS:Tizen,Connectivity:WiFi 6E,Bluetooth 5.2,HDMI Ports:4 (HDMI 2.1),USB Ports:3,Brand:Samsung,Model:QN75QN800D",180,105,18,38.0,,https://www.youtube.com/watch?v=samsung_neoqled_8k,
"Samsung 43"" The Frame QLED 4K Smart TV (2024)","Samsung 43"" The Frame QLED 4K Smart TV (2024)","Samsung 43"" The Frame QLED 4K Smart TV (2024)",TV,Smart TV,75330,,25,TV-240104-SF43,,"https://images.samsung.com/is/image/samsung/p6pim/in/qa43ls03daklxl/gallery/in-the-frame-ls03d-qa43ls03daklxl-thumb-539457977?$650_519_PNG$,https://images.samsung.com/is/image/samsung/p6pim/in/qa43ls03daklxl/gallery/in-the-frame-ls03d-qa43ls03daklxl-thumb-539457978?$650_519_PNG$,https://images.samsung.com/is/image/samsung/p6pim/in/qa43ls03daklxl/gallery/in-the-frame-ls03d-qa43ls03daklxl-thumb-539457979?$650_519_PNG$",True,,"[{""variantName"":""Samsung 43\"" The Frame - Black"",""stock"":13,""price"":""75330"",""discountPrice"":""70570"",""sku"":""TV-240104-SF43-BLK"",""attributes"":{""color"":""Black"",""size"":""43 inch""}},{""variantName"":""Samsung 43\"" The Frame - Beige"",""stock"":12,""price"":""75330"",""discountPrice"":""70570"",""sku"":""TV-240104-SF43-BEI"",""attributes"":{""color"":""Beige"",""size"":""43 inch""}}]",,,"Display:43 inch QLED 4K,Resolution:3840x2160,Design:Slim Art Mode,HDR:Quantum HDR,Refresh Rate:120Hz,OS:Tizen,Connectivity:WiFi 5,Bluetooth 5.0,HDMI Ports:3,USB Ports:2,Brand:Samsung,Model:QN43LS03D",108,68,14,15.0,,https://www.youtube.com/watch?v=samsung_the_frame,
"Samsung 50"" Crystal UHD Smart TV TU7000 (2024)","Samsung 50"" Crystal UHD Smart TV TU7000 (2024)","Samsung 50"" Crystal UHD Smart TV TU7000 (2024)",TV,Smart TV,42360,,60,TV-240105-ST50,,"https://images.samsung.com/is/image/samsung/p6pim/in/ua50tu7700klxl/gallery/in-crystal-uhd-tu7700-ua50tu7700klxl-thumb-501734038?$650_519_PNG$,https://images.samsung.com/is/image/samsung/p6pim/in/ua50tu7700klxl/gallery/in-crystal-uhd-tu7700-ua50tu7700klxl-thumb-501734039?$650_519_PNG$,https://images.samsung.com/is/image/samsung/p6pim/in/ua50tu7700klxl/gallery/in-crystal-uhd-tu7700-ua50tu7700klxl-thumb-501734040?$650_519_PNG$",True,,"[{""variantName"":""Samsung 50\"" Crystal UHD TU7000 - Black"",""stock"":60,""price"":""42360"",""discountPrice"":""37620"",""sku"":""TV-240105-ST50-BLK"",""attributes"":{""color"":""Black"",""size"":""50 inch""}}]",,,"Display:50 inch Crystal UHD,Resolution:3840x2160,HDR:HDR10+,Refresh Rate:60Hz,OS:Tizen,Connectivity:WiFi 5,Bluetooth 4.2,HDMI Ports:3,USB Ports:2,Brand:Samsung,Model:UA50TU7000",120,75,14,14.0,,,
"Samsung 32"" Full HD Smart Monitor M5 (2024)","Samsung 32"" Full HD Smart Monitor M5 (2024)","Samsung 32"" Full HD Smart Monitor M5 (2024)",TV,Smart TV,28250,,40,TV-240106-SM32,,"https://images.samsung.com/is/image/samsung/p6pim/in/ls32bm501ewxxl/gallery/in-smart-monitor-m5-ls32bm501ewxxl-thumb-534699453?$650_519_PNG$,https://images.samsung.com/is/image/samsung/p6pim/in/ls32bm501ewxxl/gallery/in-smart-monitor-m5-ls32bm501ewxxl-thumb-534699454?$650_519_PNG$,https://images.samsung.com/is/image/samsung/p6pim/in/ls32bm501ewxxl/gallery/in-smart-monitor-m5-ls32bm501ewxxl-thumb-534699455?$650_519_PNG$",True,,"[{""variantName"":""Samsung 32\"" Smart Monitor M5 - White"",""stock"":20,""price"":""28250"",""discountPrice"":""25400"",""sku"":""TV-240106-SM32-WHT"",""attributes"":{""color"":""White"",""size"":""32 inch""}},{""variantName"":""Samsung 32\"" Smart Monitor M5 - Black"",""stock"":20,""price"":""28250"",""discountPrice"":""25400"",""sku"":""TV-240106-SM32-BLK"",""attributes"":{""color"":""Black"",""size"":""32 inch""}}]",,,"Display:32 inch Full HD,Resolution:1920x1080,Panel:VA,Refresh Rate:60Hz,OS:Tizen,Connectivity:WiFi,Bluetooth,USB-C,HDR:HDR10,Brand:Samsung,Model:LS32BM501",78,55,12,6.0,,,
"Samsung 85"" QLED 4K Smart TV Q70D (2024)","Samsung 85"" QLED 4K Smart TV Q70D (2024)","Samsung 85"" QLED 4K Smart TV Q70D (2024)",TV,Smart TV,169460,,10,TV-240107-SQ85,,"https://images.samsung.com/is/image/samsung/p6pim/in/qa85q70daklxl/gallery/in-qled-q70d-qa85q70daklxl-thumb-539991350?$650_519_PNG$,https://images.samsung.com/is/image/samsung/p6pim/in/qa85q70daklxl/gallery/in-qled-q70d-qa85q70daklxl-thumb-539991351?$650_519_PNG$,https://images.samsung.com/is/image/samsung/p6pim/in/qa85q70daklxl/gallery/in-qled-q70d-qa85q70daklxl-thumb-539991352?$650_519_PNG$",True,,"[{""variantName"":""Samsung 85\"" QLED 4K Q70D - Black"",""stock"":10,""price"":""169460"",""discountPrice"":""150700"",""sku"":""TV-240107-SQ85-BLK"",""attributes"":{""color"":""Black"",""size"":""85 inch""}}]",,,"Display:85 inch QLED 4K,Resolution:3840x2160,HDR:Quantum HDR 12x,Refresh Rate:120Hz,OS:Tizen,Connectivity:WiFi 6,Bluetooth 5.2,HDMI Ports:4,USB Ports:3,Brand:Samsung,Model:QN85Q70D",200,118,18,55.0,,,
Apple TV 4K 3rd Generation (2022),Apple TV 4K 3rd Generation (2022),Apple TV 4K 3rd Generation (2022),TV,Streaming Device,12240,,80,TV-240108-ATV4K,,"https://store.storeimages.cdn-apple.com/4982/as-images.apple.com/is/apple-tv-4k-hero-select-202210?wid=940&hei=1112&fmt=png-alpha&.v=1664896361688,https://store.storeimages.cdn-apple.com/4982/as-images.apple.com/is/apple-tv-4k-select-202210?wid=940&hei=1112&fmt=png-alpha&.v=1664896361669,https://store.storeimages.cdn-apple.com/4982/as-images.apple.com/is/apple-tv-4k-back-select-202210?wid=940&hei=1112&fmt=png-alpha&.v=1664896361648",True,,"[{""variantName"":""Apple TV 4K - Wi-Fi (64GB)"",""stock"":40,""price"":""12240"",""discountPrice"":""11300"",""sku"":""TV-240108-ATV4K-64"",""attributes"":{""storage"":""64GB"",""connectivity"":""Wi-Fi""}},{""variantName"":""Apple TV 4K - Wi-Fi + Ethernet (128GB)"",""stock"":40,""price"":""14120"",""discountPrice"":""13120"",""sku"":""TV-240108-ATV4K-128"",""attributes"":{""storage"":""128GB"",""connectivity"":""Wi-Fi + Ethernet""}}]",,,"Chip:A15 Bionic,Resolution:4K HDR,HDR:Dolby Vision,HDR10+,HLG,Audio:Dolby Atmos,OS:tvOS 17,Connectivity:Wi-Fi 6,Bluetooth 5.0,Remote:Siri Remote,Brand:Apple,Model:MN873LL/A",20,15,5,0.5,,https://www.youtube.com/watch?v=apple_tv_4k,
"Samsung 58"" Crystal 4K UHD Smart TV CU7000 (2024)","Samsung 58"" Crystal 4K UHD Smart TV CU7000 (2024)","Samsung 58"" Crystal 4K UHD Smart TV CU7000 (2024)",TV,Smart TV,51780,,35,TV-240109-SC58,,"https://images.samsung.com/is/image/samsung/p6pim/in/ua58cu7700klxl/gallery/in-crystal-uhd-cu7700-ua58cu7700klxl-thumb-536855688?$650_519_PNG$,https://images.samsung.com/is/image/samsung/p6pim/in/ua58cu7700klxl/gallery/in-crystal-uhd-cu7700-ua58cu7700klxl-thumb-536855689?$650_519_PNG$,https://images.samsung.com/is/image/samsung/p6pim/in/ua58cu7700klxl/gallery/in-crystal-uhd-cu7700-ua58cu7700klxl-thumb-536855690?$650_519_PNG$",True,,"[{""variantName"":""Samsung 58\"" CU7000 - Black"",""stock"":35,""price"":""51780"",""discountPrice"":""47060"",""sku"":""TV-240109-SC58-BLK"",""attributes"":{""color"":""Black"",""size"":""58 inch""}}]",,,"Display:58 inch Crystal 4K UHD,Resolution:3840x2160,HDR:HDR10+,Refresh Rate:60Hz,OS:Tizen,Connectivity:WiFi 5,Bluetooth 4.2,HDMI Ports:3,USB Ports:2,Brand:Samsung,Model:UA58CU7000",140,85,15,17.0,,,
"Samsung 70"" 4K UHD Smart TV AU7000 (2024)","Samsung 70"" 4K UHD Smart TV AU7000 (2024)","Samsung 70"" 4K UHD Smart TV AU7000 (2024)",TV,Smart TV,80010,,20,TV-240110-SA70,,"https://images.samsung.com/is/image/samsung/p6pim/in/ua70au7700klxl/gallery/in-crystal-uhd-au7700-ua70au7700klxl-thumb-501734038?$650_519_PNG$,https://images.samsung.com/is/image/samsung/p6pim/in/ua70au7700klxl/gallery/in-crystal-uhd-au7700-ua70au7700klxl-thumb-501734039?$650_519_PNG$,https://images.samsung.com/is/image/samsung/p6pim/in/ua70au7700klxl/gallery/in-crystal-uhd-au7700-ua70au7700klxl-thumb-501734040?$650_519_PNG$",True,,"[{""variantName"":""Samsung 70\"" AU7000 - Black"",""stock"":20,""price"":""80010"",""discountPrice"":""75290"",""sku"":""TV-240110-SA70-BLK"",""attributes"":{""color"":""Black"",""size"":""70 inch""}}]",,,"Display:70 inch 4K UHD,Resolution:3840x2160,HDR:HDR10+,Refresh Rate:60Hz,OS:Tizen,Connectivity:WiFi 5,Bluetooth 4.2,HDMI Ports:3,USB Ports:2,Brand:Samsung,Model:UA70AU7000",168,100,16,28.0,,,
"Samsung 65"" The Serif QLED 4K TV (2024)","Samsung 65"" The Serif QLED 4K TV (2024)","Samsung 65"" The Serif QLED 4K TV (2024)",TV,Smart TV,169460,,15,TV-240111-SSERF65,,"https://images.samsung.com/is/image/samsung/p6pim/in/qa65ls01daklxl/gallery/in-the-serif-ls01d-qa65ls01daklxl-thumb-539457982?$650_519_PNG$,https://images.samsung.com/is/image/samsung/p6pim/in/qa65ls01daklxl/gallery/in-the-serif-ls01d-qa65ls01daklxl-thumb-539457983?$650_519_PNG$,https://images.samsung.com/is/image/samsung/p6pim/in/qa65ls01daklxl/gallery/in-the-serif-ls01d-qa65ls01daklxl-thumb-539457984?$650_519_PNG$",True,,"[{""variantName"":""Samsung 65\"" The Serif - White"",""stock"":8,""price"":""169460"",""discountPrice"":""160040"",""sku"":""TV-240111-SSERF65-WHT"",""attributes"":{""color"":""White"",""size"":""65 inch""}},{""variantName"":""Samsung 65\"" The Serif - Cloud White"",""stock"":7,""price"":""169460"",""discountPrice"":""160040"",""sku"":""TV-240111-SSERF65-CLD"",""attributes"":{""color"":""Cloud White"",""size"":""65 inch""}}]",,,"Display:65 inch QLED 4K,Resolution:3840x2160,Design:Serif Design,HDR:Quantum HDR,Refresh Rate:120Hz,OS:Tizen,Connectivity:WiFi 5,Bluetooth 5.0,HDMI Ports:3,USB Ports:2,Brand:Samsung,Model:QN65LS01D",155,95,16,32.0,,,
"Samsung 48"" OLED 4K Smart TV S90D (2024)","Samsung 48"" OLED 4K Smart TV S90D (2024)","Samsung 48"" OLED 4K Smart TV S90D (2024)",TV,Smart TV,122370,,18,TV-240113-SS90D48,,"https://images.samsung.com/is/image/samsung/p6pim/in/qa48s90daklxl/gallery/in-oled-s90d-qa48s90daklxl-thumb-539382770?$650_519_PNG$,https://images.samsung.com/is/image/samsung/p6pim/in/qa48s90daklxl/gallery/in-oled-s90d-qa48s90daklxl-thumb-539382771?$650_519_PNG$,https://images.samsung.com/is/image/samsung/p6pim/in/qa48s90daklxl/gallery/in-oled-s90d-qa48s90daklxl-thumb-539382772?$650_519_PNG$",True,,"[{""variantName"":""Samsung 48\"" OLED S90D - Black"",""stock"":18,""price"":""122370"",""discountPrice"":""112960"",""sku"":""TV-240113-SS90D48-BLK"",""attributes"":{""color"":""Black"",""size"":""48 inch""}}]",,,"Display:48 inch OLED 4K,Resolution:3840x2160,HDR:Quantum HDR OLED,Refresh Rate:144Hz,OS:Tizen,Connectivity:WiFi 6,Bluetooth 5.2,HDMI Ports:4,USB Ports:3,Gaming:Yes,Brand:Samsung,Model:QN48S90D",115,70,14,18.0,,,
"Samsung 40"" Full HD Smart TV T5300 (2024)","Samsung 40"" Full HD Smart TV T5300 (2024)","Samsung 40"" Full HD Smart TV T5300 (2024)",TV,Smart TV,28250,,50,TV-240112-ST5340,,"https://images.samsung.com/is/image/samsung/p6pim/in/ua40t5300akxxl/gallery/in-full-hd-t5300-ua40t5300akxxl-thumb-501734025?$650_519_PNG$,https://images.samsung.com/is/image/samsung/p6pim/in/ua40t5300akxxl/gallery/in-full-hd-t5300-ua40t5300akxxl-thumb-501734026?$650_519_PNG$,https://images.samsung.com/is/image/samsung/p6pim/in/ua40t5300akxxl/gallery/in-full-hd-t5300-ua40t5300akxxl-thumb-501734027?$650_519_PNG$",True,,"[{""variantName"":""Samsung 40\"" Full HD Smart TV T5300 - Black"",""stock"":50,""price"":""28250"",""discountPrice"":""25400"",""sku"":""TV-240112-ST5340-BLK"",""attributes"":{""color"":""Black"",""size"":""40 inch""}}]",,,"Display:40 inch Full HD,Resolution:1920x1080,HDR:HDR,Refresh Rate:60Hz,OS:Tizen,Connectivity:WiFi,Bluetooth,HDMI Ports:2,USB Ports:1,Brand:Samsung,Model:UA40T5300",100,64,13,9.0,,,
Samsung Galaxy S24 Ultra 5G,Samsung Galaxy S24 Ultra 5G,Samsung Galaxy S24 Ultra 5G,Mobile,Smartphones,122380,,55,MOB-240201-SGS24U,,"https://images.samsung.com/is/image/samsung/p6pim/in/sm-s928bzkgins/gallery/in-galaxy-s24-ultra-s928-sm-s928bzkgins-thumb-539177238?$650_519_PNG$,https://images.samsung.com/is/image/samsung/p6pim/in/sm-s928bzkgins/gallery/in-galaxy-s24-ultra-s928-sm-s928bzkgins-thumb-539177239?$650_519_PNG$,https://images.samsung.com/is/image/samsung/p6pim/in/sm-s928bzkgins/gallery/in-galaxy-s24-ultra-s928-sm-s928bzkgins-thumb-539177240?$650_519_PNG$,https://images.samsung.com/is/image/samsung/p6pim/in/sm-s928bzlgins/gallery/in-galaxy-s24-ultra-s928-sm-s928bzlgins-thumb-539177242?$650_519_PNG$",True,,"[{""variantName"":""Samsung Galaxy S24 Ultra - Titanium Black 256GB"",""stock"":15,""price"":""122380"",""discountPrice"":""112960"",""sku"":""MOB-240201-SGS24U-BLK256"",""attributes"":{""color"":""Titanium Black"",""storage"":""256GB""}},{""variantName"":""Samsung Galaxy S24 Ultra - Titanium Gray 512GB"",""stock"":15,""price"":""133680"",""discountPrice"":""122380"",""sku"":""MOB-240201-SGS24U-GRY512"",""attributes"":{""color"":""Titanium Gray"",""storage"":""512GB""}},{""variantName"":""Samsung Galaxy S24 Ultra - Titanium Violet 256GB"",""stock"":15,""price"":""122380"",""discountPrice"":""112960"",""sku"":""MOB-240201-SGS24U-VIO256"",""attributes"":{""color"":""Titanium Violet"",""storage"":""256GB""}},{""variantName"":""Samsung Galaxy S24 Ultra - Titanium Yellow 1TB"",""stock"":10,""price"":""156230"",""discountPrice"":""145880"",""sku"":""MOB-240201-SGS24U-YLW1TB"",""attributes"":{""color"":""Titanium Yellow"",""storage"":""1TB""}}]",,,"Display:6.8 inch Dynamic AMOLED 2X,Resolution:3088x1440,Processor:Snapdragon 8 Gen 3,RAM:12GB,Storage:256GB/512GB/1TB,Rear Camera:200MP+12MP+10MP+50MP,Front Camera:12MP,Battery:5000mAh,OS:Android 14 One UI 6.1,5G:Yes,S Pen:Included,Brand:Samsung",20,12,5,500.0,,https://www.youtube.com/watch?v=samsung_s24_ultra,
Samsung Galaxy S24+ 5G,Samsung Galaxy S24+ 5G,Samsung Galaxy S24+ 5G,Mobile,Smartphones,94150,,65,MOB-240202-SGS24P,,"https://images.samsung.com/is/image/samsung/p6pim/in/sm-s926bzvgins/gallery/in-galaxy-s24-s926-sm-s926bzvgins-thumb-539177220?$650_519_PNG$,https://images.samsung.com/is/image/samsung/p6pim/in/sm-s926bzkgins/gallery/in-galaxy-s24-s926-sm-s926bzkgins-thumb-539177221?$650_519_PNG$,https://images.samsung.com/is/image/samsung/p6pim/in/sm-s926bzlgins/gallery/in-galaxy-s24-s926-sm-s926bzlgins-thumb-539177222?$650_519_PNG$",True,,"[{""variantName"":""Samsung Galaxy S24+ - Cobalt Violet 256GB"",""stock"":20,""price"":""94150"",""discountPrice"":""89430"",""sku"":""MOB-240202-SGS24P-VIO256"",""attributes"":{""color"":""Cobalt Violet"",""storage"":""256GB""}},{""variantName"":""Samsung Galaxy S24+ - Onyx Black 512GB"",""stock"":20,""price"":""105430"",""discountPrice"":""98840"",""sku"":""MOB-240202-SGS24P-BLK512"",""attributes"":{""color"":""Onyx Black"",""storage"":""512GB""}},{""variantName"":""Samsung Galaxy S24+ - Marble Gray 256GB"",""stock"":25,""price"":""94150"",""discountPrice"":""89430"",""sku"":""MOB-240202-SGS24P-GRY256"",""attributes"":{""color"":""Marble Gray"",""storage"":""256GB""}}]",,,"Display:6.7 inch Dynamic AMOLED 2X,Resolution:3088x1440,Processor:Snapdragon 8 Gen 3,RAM:12GB,Storage:256GB/512GB,Rear Camera:50MP+12MP+10MP,Front Camera:12MP,Battery:4900mAh,OS:Android 14 One UI 6.1,5G:Yes,Brand:Samsung",19,11,4,450.0,,https://www.youtube.com/watch?v=samsung_s24_plus,
Samsung Galaxy S24 5G,Samsung Galaxy S24 5G,Samsung Galaxy S24 5G,Mobile,Smartphones,75330,,75,MOB-240203-SGS24,,"https://images.samsung.com/is/image/samsung/p6pim/in/sm-s921bzvgins/gallery/in-galaxy-s24-s921-sm-s921bzvgins-thumb-539177200?$650_519_PNG$,https://images.samsung.com/is/image/samsung/p6pim/in/sm-s921bzkgins/gallery/in-galaxy-s24-s921-sm-s921bzkgins-thumb-539177201?$650_519_PNG$,https://images.samsung.com/is/image/samsung/p6pim/in/sm-s921bzlgins/gallery/in-galaxy-s24-s921-sm-s921bzlgins-thumb-539177202?$650_519_PNG$",True,,"[{""variantName"":""Samsung Galaxy S24 - Cobalt Violet 128GB"",""stock"":25,""price"":""75330"",""discountPrice"":""70610"",""sku"":""MOB-240203-SGS24-VIO128"",""attributes"":{""color"":""Cobalt Violet"",""storage"":""128GB""}},{""variantName"":""Samsung Galaxy S24 - Onyx Black 256GB"",""stock"":25,""price"":""80900"",""discountPrice"":""75330"",""sku"":""MOB-240203-SGS24-BLK256"",""attributes"":{""color"":""Onyx Black"",""storage"":""256GB""}},{""variantName"":""Samsung Galaxy S24 - Marble Gray 128GB"",""stock"":25,""price"":""75330"",""discountPrice"":""70610"",""sku"":""MOB-240203-SGS24-GRY128"",""attributes"":{""color"":""Marble Gray"",""storage"":""128GB""}}]",,,"Display:6.2 inch Dynamic AMOLED 2X,Resolution:2340x1080,Processor:Snapdragon 8 Gen 3,RAM:8GB,Storage:128GB/256GB,Rear Camera:50MP+12MP+10MP,Front Camera:12MP,Battery:4000mAh,OS:Android 14 One UI 6.1,5G:Yes,Brand:Samsung",18,10,4,400.0,,https://www.youtube.com/watch?v=samsung_s24,
Samsung Galaxy S24 FE 5G,Samsung Galaxy S24 FE 5G,Samsung Galaxy S24 FE 5G,Mobile,Smartphones,61180,,60,MOB-240219-SGS24FE,,"https://images.samsung.com/is/image/samsung/p6pim/in/sm-s721bzkgins/gallery/in-galaxy-s24-fe-s721-sm-s721bzkgins-thumb-541552123?$650_519_PNG$,https://images.samsung.com/is/image/samsung/p6pim/in/sm-s721bbgins/gallery/in-galaxy-s24-fe-s721-sm-s721bbgins-thumb-541552124?$650_519_PNG$,https://images.samsung.com/is/image/samsung/p6pim/in/sm-s721bggins/gallery/in-galaxy-s24-fe-s721-sm-s721bggins-thumb-541552125?$650_519_PNG$",True,,"[{""variantName"":""Samsung Galaxy S24 FE - Graphite 128GB"",""stock"":20,""price"":""61180"",""discountPrice"":""56470"",""sku"":""MOB-240219-SGS24FE-GRF128"",""attributes"":{""color"":""Graphite"",""storage"":""128GB""}},{""variantName"":""Samsung Galaxy S24 FE - Blue 256GB"",""stock"":20,""price"":""65900"",""discountPrice"":""61180"",""sku"":""MOB-240219-SGS24FE-BLU256"",""attributes"":{""color"":""Blue"",""storage"":""256GB""}},{""variantName"":""Samsung Galaxy S24 FE - Mint 128GB"",""stock"":20,""price"":""61180"",""discountPrice"":""56470"",""sku"":""MOB-240219-SGS24FE-MNT128"",""attributes"":{""color"":""Mint"",""storage"":""128GB""}}]",,,"Display:6.7 inch Dynamic AMOLED 2X,Resolution:2340x1080,Processor:Exynos 2500,RAM:8GB,Storage:128GB/256GB,Rear Camera:50MP+10MP+12MP,Front Camera:10MP,Battery:4700mAh,OS:Android 14 One UI 7.0,5G:Yes,Brand:Samsung",18,10,4,400.0,,,
Samsung Galaxy A55 5G,Samsung Galaxy A55 5G,Samsung Galaxy A55 5G,Mobile,Smartphones,42360,,90,MOB-240204-SGA55,,"https://images.samsung.com/is/image/samsung/p6pim/in/sm-a556ezkains/gallery/in-galaxy-a55-5g-sm-a556ezkains-thumb-539457320?$650_519_PNG$,https://images.samsung.com/is/image/samsung/p6pim/in/sm-a556ezlains/gallery/in-galaxy-a55-5g-sm-a556ezlains-thumb-539457321?$650_519_PNG$,https://images.samsung.com/is/image/samsung/p6pim/in/sm-a556ezbains/gallery/in-galaxy-a55-5g-sm-a556ezbains-thumb-539457322?$650_519_PNG$",True,,"[{""variantName"":""Samsung Galaxy A55 5G - Awesome Navy 128GB"",""stock"":30,""price"":""42360"",""discountPrice"":""37640"",""sku"":""MOB-240204-SGA55-NVY128"",""attributes"":{""color"":""Awesome Navy"",""storage"":""128GB""}},{""variantName"":""Samsung Galaxy A55 5G - Awesome Lilac 256GB"",""stock"":30,""price"":""47050"",""discountPrice"":""42360"",""sku"":""MOB-240204-SGA55-LIL256"",""attributes"":{""color"":""Awesome Lilac"",""storage"":""256GB""}},{""variantName"":""Samsung Galaxy A55 5G - Awesome Iceblue 128GB"",""stock"":30,""price"":""42360"",""discountPrice"":""37640"",""sku"":""MOB-240204-SGA55-ICE128"",""attributes"":{""color"":""Awesome Iceblue"",""storage"":""128GB""}}]",,,"Display:6.6 inch Super AMOLED,Resolution:2340x1080,Processor:Exynos 1480,RAM:8GB,Storage:128GB/256GB,Rear Camera:50MP+12MP+5MP,Front Camera:32MP,Battery:5000mAh,OS:Android 14 One UI 6.1,5G:Yes,Brand:Samsung",18,10,4,400.0,,,
Samsung Galaxy A35 5G,Samsung Galaxy A35 5G,Samsung Galaxy A35 5G,Mobile,Smartphones,32960,,100,MOB-240205-SGA35,,"https://images.samsung.com/is/image/samsung/p6pim/in/sm-a356ezkains/gallery/in-galaxy-a35-5g-sm-a356ezkains-thumb-539457260?$650_519_PNG$,https://images.samsung.com/is/image/samsung/p6pim/in/sm-a356ezlains/gallery/in-galaxy-a35-5g-sm-a356ezlains-thumb-539457261?$650_519_PNG$,https://images.samsung.com/is/image/samsung/p6pim/in/sm-a356ezbains/gallery/in-galaxy-a35-5g-sm-a356ezbains-thumb-539457262?$650_519_PNG$",True,,"[{""variantName"":""Samsung Galaxy A35 5G - Awesome Navy 128GB"",""stock"":35,""price"":""32960"",""discountPrice"":""28250"",""sku"":""MOB-240205-SGA35-NVY128"",""attributes"":{""color"":""Awesome Navy"",""storage"":""128GB""}},{""variantName"":""Samsung Galaxy A35 5G - Awesome Lilac 256GB"",""stock"":35,""price"":""37640"",""discountPrice"":""32960"",""sku"":""MOB-240205-SGA35-LIL256"",""attributes"":{""color"":""Awesome Lilac"",""storage"":""256GB""}},{""variantName"":""Samsung Galaxy A35 5G - Awesome Iceblue 128GB"",""stock"":30,""price"":""32960"",""discountPrice"":""28250"",""sku"":""MOB-240205-SGA35-ICE128"",""attributes"":{""color"":""Awesome Iceblue"",""storage"":""128GB""}}]",,,"Display:6.6 inch Super AMOLED,Resolution:2340x1080,Processor:Exynos 1380,RAM:6GB,Storage:128GB/256GB,Rear Camera:50MP+8MP+5MP,Front Camera:13MP,Battery:5000mAh,OS:Android 14 One UI 6.1,5G:Yes,Brand:Samsung",17,10,4,380.0,,,
Samsung Galaxy A25 5G,Samsung Galaxy A25 5G,Samsung Galaxy A25 5G,Mobile,Smartphones,23540,,120,MOB-240221-SGA25,,"https://images.samsung.com/is/image/samsung/p6pim/in/sm-a256bzkgins/gallery/in-galaxy-a25-5g-sm-a256bzkgins-thumb-539457250?$650_519_PNG$,https://images.samsung.com/is/image/samsung/p6pim/in/sm-a256bbgins/gallery/in-galaxy-a25-5g-sm-a256bbgins-thumb-539457251?$650_519_PNG$,https://images.samsung.com/is/image/samsung/p6pim/in/sm-a256bzgins/gallery/in-galaxy-a25-5g-sm-a256bzgins-thumb-539457252?$650_519_PNG$",True,,"[{""variantName"":""Samsung Galaxy A25 5G - Awesome Black 128GB"",""stock"":40,""price"":""23540"",""discountPrice"":""21610"",""sku"":""MOB-240221-SGA25-BLK128"",""attributes"":{""color"":""Awesome Black"",""storage"":""128GB""}},{""variantName"":""Samsung Galaxy A25 5G - Awesome Blue 256GB"",""stock"":40,""price"":""28250"",""discountPrice"":""26280"",""sku"":""MOB-240221-SGA25-BLU256"",""attributes"":{""color"":""Awesome Blue"",""storage"":""256GB""}},{""variantName"":""Samsung Galaxy A25 5G - Awesome Iceblue 128GB"",""stock"":40,""price"":""23540"",""discountPrice"":""21610"",""sku"":""MOB-240221-SGA25-ICE128"",""attributes"":{""color"":""Awesome Iceblue"",""storage"":""128GB""}}]",,,"Display:6.5 inch Super AMOLED,Resolution:2340x1080,Processor:Exynos 1280,RAM:6GB,Storage:128GB/256GB,Rear Camera:50MP+8MP+2MP,Front Camera:13MP,Battery:5000mAh,OS:Android 14 One UI 6.0,5G:Yes,Brand:Samsung",17,9,4,360.0,,,
Samsung Galaxy A15 5G,Samsung Galaxy A15 5G,Samsung Galaxy A15 5G,Mobile,Smartphones,16950,,150,MOB-240217-SGA15,,"https://images.samsung.com/is/image/samsung/p6pim/in/sm-a156bzkains/gallery/in-galaxy-a15-5g-sm-a156bzkains-thumb-537998130?$650_519_PNG$,https://images.samsung.com/is/image/samsung/p6pim/in/sm-a156bbains/gallery/in-galaxy-a15-5g-sm-a156bbains-thumb-537998131?$650_519_PNG$,https://images.samsung.com/is/image/samsung/p6pim/in/sm-a156bzains/gallery/in-galaxy-a15-5g-sm-a156bzains-thumb-537998132?$650_519_PNG$",True,,"[{""variantName"":""Samsung Galaxy A15 5G - Black 128GB"",""stock"":50,""price"":""16950"",""discountPrice"":""15070"",""sku"":""MOB-240217-SGA15-BLK128"",""attributes"":{""color"":""Black"",""storage"":""128GB""}},{""variantName"":""Samsung Galaxy A15 5G - Blue/Black 256GB"",""stock"":50,""price"":""18830"",""discountPrice"":""16950"",""sku"":""MOB-240217-SGA15-BLB256"",""attributes"":{""color"":""Blue Black"",""storage"":""256GB""}},{""variantName"":""Samsung Galaxy A15 5G - Light Blue 128GB"",""stock"":50,""price"":""16950"",""discountPrice"":""15070"",""sku"":""MOB-240217-SGA15-LBL128"",""attributes"":{""color"":""Light Blue"",""storage"":""128GB""}}]",,,"Display:6.5 inch Super AMOLED,Resolution:2340x1080,Processor:MediaTek Dimensity 6100+,RAM:4GB/6GB,Storage:128GB/256GB,Rear Camera:50MP+5MP+2MP,Front Camera:13MP,Battery:5000mAh,OS:Android 14 One UI 6.0,5G:Yes,Brand:Samsung",17,9,4,350.0,,,
Samsung Galaxy A54 5G,Samsung Galaxy A54 5G,Samsung Galaxy A54 5G,Mobile,Smartphones,37670,,85,MOB-240222-SGA54,,"https://images.samsung.com/is/image/samsung/p6pim/in/sm-a546ezkains/gallery/in-galaxy-a54-5g-sm-a546ezkains-thumb-534696060?$650_519_PNG$,https://images.samsung.com/is/image/samsung/p6pim/in/sm-a546ezlains/gallery/in-galaxy-a54-5g-sm-a546ezlains-thumb-534696061?$650_519_PNG$,https://images.samsung.com/is/image/samsung/p6pim/in/sm-a546ezwains/gallery/in-galaxy-a54-5g-sm-a546ezwains-thumb-534696062?$650_519_PNG$",True,,"[{""variantName"":""Samsung Galaxy A54 5G - Awesome Graphite 128GB"",""stock"":28,""price"":""37670"",""discountPrice"":""34830"",""sku"":""MOB-240222-SGA54-GRF128"",""attributes"":{""color"":""Awesome Graphite"",""storage"":""128GB""}},{""variantName"":""Samsung Galaxy A54 5G - Awesome Violet 256GB"",""stock"":29,""price"":""42360"",""discountPrice"":""39520"",""sku"":""MOB-240222-SGA54-VIO256"",""attributes"":{""color"":""Awesome Violet"",""storage"":""256GB""}},{""variantName"":""Samsung Galaxy A54 5G - Awesome White 128GB"",""stock"":28,""price"":""37670"",""discountPrice"":""34830"",""sku"":""MOB-240222-SGA54-WHT128"",""attributes"":{""color"":""Awesome White"",""storage"":""128GB""}}]",,,"Display:6.4 inch Super AMOLED,Resolution:2340x1080,Processor:Exynos 1380,RAM:8GB,Storage:128GB/256GB,Rear Camera:50MP+12MP+5MP,Front Camera:32MP,Battery:5000mAh,OS:Android 13 One UI 5.1,5G:Yes,IP67:Yes,Brand:Samsung",17,10,4,380.0,,,
Samsung Galaxy Z Fold 6 5G,Samsung Galaxy Z Fold 6 5G,Samsung Galaxy Z Fold 6 5G,Mobile,Smartphones,178940,,25,MOB-240206-SGZF6,,"https://images.samsung.com/is/image/samsung/p6pim/in/sm-f956bzkgins/gallery/in-galaxy-z-fold6-f956-sm-f956bzkgins-thumb-541204376?$650_519_PNG$,https://images.samsung.com/is/image/samsung/p6pim/in/sm-f956bbgins/gallery/in-galaxy-z-fold6-f956-sm-f956bbgins-thumb-541204377?$650_519_PNG$,https://images.samsung.com/is/image/samsung/p6pim/in/sm-f956bzgins/gallery/in-galaxy-z-fold6-f956-sm-f956bzgins-thumb-541204378?$650_519_PNG$",True,,"[{""variantName"":""Samsung Galaxy Z Fold 6 - Shadow Black 256GB"",""stock"":10,""price"":""178940"",""discountPrice"":""169540"",""sku"":""MOB-240206-SGZF6-BLK256"",""attributes"":{""color"":""Shadow Black"",""storage"":""256GB""}},{""variantName"":""Samsung Galaxy Z Fold 6 - Pink 512GB"",""stock"":8,""price"":""190250"",""discountPrice"":""178940"",""sku"":""MOB-240206-SGZF6-PNK512"",""attributes"":{""color"":""Pink"",""storage"":""512GB""}},{""variantName"":""Samsung Galaxy Z Fold 6 - Silver Shadow 1TB"",""stock"":7,""price"":""214580"",""discountPrice"":""202350"",""sku"":""MOB-240206-SGZF6-SLV1TB"",""attributes"":{""color"":""Silver Shadow"",""storage"":""1TB""}}]",,,"Main Display:7.6 inch Dynamic AMOLED 2X,Cover Display:6.3 inch Dynamic AMOLED 2X,Processor:Snapdragon 8 Gen 3,RAM:12GB,Storage:256GB/512GB/1TB,Rear Camera:50MP+12MP+10MP,Front Camera:10MP,Battery:4400mAh,OS:Android 14 One UI 6.1,5G:Yes,S Pen:Supported,Brand:Samsung",22,13,6,550.0,,https://www.youtube.com/watch?v=samsung_zfold6,
Samsung Galaxy Z Flip 6 5G,Samsung Galaxy Z Flip 6 5G,Samsung Galaxy Z Flip 6 5G,Mobile,Smartphones,103560,,40,MOB-240207-SGZP6,,"https://images.samsung.com/is/image/samsung/p6pim/in/sm-f741bbgins/gallery/in-galaxy-z-flip6-f741-sm-f741bbgins-thumb-541204412?$650_519_PNG$,https://images.samsung.com/is/image/samsung/p6pim/in/sm-f741bygins/gallery/in-galaxy-z-flip6-f741-sm-f741bygins-thumb-541204413?$650_519_PNG$,https://images.samsung.com/is/image/samsung/p6pim/in/sm-f741bzgins/gallery/in-galaxy-z-flip6-f741-sm-f741bzgins-thumb-541204414?$650_519_PNG$",True,,"[{""variantName"":""Samsung Galaxy Z Flip 6 - Blue 256GB"",""stock"":15,""price"":""103560"",""discountPrice"":""94150"",""sku"":""MOB-240207-SGZP6-BLU256"",""attributes"":{""color"":""Blue"",""storage"":""256GB""}},{""variantName"":""Samsung Galaxy Z Flip 6 - Yellow 512GB"",""stock"":13,""price"":""114870"",""discountPrice"":""103560"",""sku"":""MOB-240207-SGZP6-YLW512"",""attributes"":{""color"":""Yellow"",""storage"":""512GB""}},{""variantName"":""Samsung Galaxy Z Flip 6 - Silver Shadow 256GB"",""stock"":12,""price"":""103560"",""discountPrice"":""94150"",""sku"":""MOB-240207-SGZP6-SLV256"",""attributes"":{""color"":""Silver Shadow"",""storage"":""256GB""}}]",,,"Main Display:6.7 inch Dynamic AMOLED 2X,Cover Display:3.4 inch Super AMOLED,Processor:Snapdragon 8 Gen 3,RAM:12GB,Storage:256GB/512GB,Rear Camera:50MP+12MP,Front Camera:10MP,Battery:4000mAh,OS:Android 14 One UI 6.1,5G:Yes,Brand:Samsung",18,10,8,450.0,,https://www.youtube.com/watch?v=samsung_zflip6,
Samsung Galaxy M55 5G,Samsung Galaxy M55 5G,Samsung Galaxy M55 5G,Mobile,Smartphones,28250,,110,MOB-240213-SGM55,,"https://images.samsung.com/is/image/samsung/p6pim/in/sm-m556bzkgins/gallery/in-galaxy-m55-5g-sm-m556bzkgins-thumb-539457400?$650_519_PNG$,https://images.samsung.com/is/image/samsung/p6pim/in/sm-m556bzgins/gallery/in-galaxy-m55-5g-sm-m556bzgins-thumb-539457401?$650_519_PNG$,https://images.samsung.com/is/image/samsung/p6pim/in/sm-m556bbgins/gallery/in-galaxy-m55-5g-sm-m556bbgins-thumb-539457402?$650_519_PNG$",True,,"[{""variantName"":""Samsung Galaxy M55 5G - Midnight Black 128GB"",""stock"":40,""price"":""28250"",""discountPrice"":""26380"",""sku"":""MOB-240213-SGM55-BLK128"",""attributes"":{""color"":""Midnight Black"",""storage"":""128GB""}},{""variantName"":""Samsung Galaxy M55 5G - Light Green 256GB"",""stock"":35,""price"":""31080"",""discountPrice"":""28250"",""sku"":""MOB-240213-SGM55-GRN256"",""attributes"":{""color"":""Light Green"",""storage"":""256GB""}},{""variantName"":""Samsung Galaxy M55 5G - Icy Blue 128GB"",""stock"":35,""price"":""28250"",""discountPrice"":""26380"",""sku"":""MOB-240213-SGM55-BLU128"",""attributes"":{""color"":""Icy Blue"",""storage"":""128GB""}}]",,,"Display:6.7 inch Super AMOLED,Resolution:2340x1080,Processor:Snapdragon 7 Gen 1,RAM:8GB,Storage:128GB/256GB,Rear Camera:50MP+8MP+2MP,Front Camera:16MP,Battery:5000mAh,OS:Android 14,5G:Yes,Brand:Samsung",18,10,4,380.0,,,
Samsung Galaxy S23 FE 5G,Samsung Galaxy S23 FE 5G,Samsung Galaxy S23 FE 5G,Mobile,Smartphones,47080,,70,MOB-240215-SGS23FE,,"https://images.samsung.com/is/image/samsung/p6pim/in/sm-s711bzkgins/gallery/in-galaxy-s23-fe-s711-sm-s711bzkgins-thumb-537047100?$650_519_PNG$,https://images.samsung.com/is/image/samsung/p6pim/in/sm-s711bzgins/gallery/in-galaxy-s23-fe-s711-sm-s711bzgins-thumb-537047101?$650_519_PNG$,https://images.samsung.com/is/image/samsung/p6pim/in/sm-s711bbgins/gallery/in-galaxy-s23-fe-s711-sm-s711bbgins-thumb-537047102?$650_519_PNG$",True,,"[{""variantName"":""Samsung Galaxy S23 FE - Graphite 128GB"",""stock"":25,""price"":""47080"",""discountPrice"":""42360"",""sku"":""MOB-240215-SGS23FE-GRF128"",""attributes"":{""color"":""Graphite"",""storage"":""128GB""}},{""variantName"":""Samsung Galaxy S23 FE - Cream 256GB"",""stock"":23,""price"":""51780"",""discountPrice"":""47080"",""sku"":""MOB-240215-SGS23FE-CRM256"",""attributes"":{""color"":""Cream"",""storage"":""256GB""}},{""variantName"":""Samsung Galaxy S23 FE - Mint 128GB"",""stock"":22,""price"":""47080"",""discountPrice"":""42360"",""sku"":""MOB-240215-SGS23FE-MNT128"",""attributes"":{""color"":""Mint"",""storage"":""128GB""}}]",,,"Display:6.4 inch Dynamic AMOLED 2X,Resolution:2340x1080,Processor:Snapdragon 8 Gen 1,RAM:8GB,Storage:128GB/256GB,Rear Camera:50MP+12MP+8MP,Front Camera:10MP,Battery:4500mAh,OS:Android 14 One UI 6.0,5G:Yes,Brand:Samsung",17,10,4,390.0,,,
Apple iPhone 16 Pro Max,Apple iPhone 16 Pro Max,Apple iPhone 16 Pro Max,Mobile,Smartphones,113000,,60,MOB-240208-AIP16PM,,"https://store.storeimages.cdn-apple.com/4982/as-images.apple.com/is/iphone-16-pro-max-black-titanium-select?wid=940&hei=1112&fmt=png-alpha&.v=1725461522158,https://store.storeimages.cdn-apple.com/4982/as-images.apple.com/is/iphone-16-pro-max-white-titanium-select?wid=940&hei=1112&fmt=png-alpha&.v=1725461522262,https://store.storeimages.cdn-apple.com/4982/as-images.apple.com/is/iphone-16-pro-max-desert-titanium-select?wid=940&hei=1112&fmt=png-alpha&.v=1725461522041,https://store.storeimages.cdn-apple.com/4982/as-images.apple.com/is/iphone-16-pro-max-natural-titanium-select?wid=940&hei=1112&fmt=png-alpha&.v=1725461522200",True,,"[{""variantName"":""iPhone 16 Pro Max - Black Titanium 256GB"",""stock"":15,""price"":""113000"",""discountPrice"":""108190"",""sku"":""MOB-240208-AIP16PM-BLK256"",""attributes"":{""color"":""Black Titanium"",""storage"":""256GB""}},{""variantName"":""iPhone 16 Pro Max - White Titanium 512GB"",""stock"":15,""price"":""131800"",""discountPrice"":""127090"",""sku"":""MOB-240208-AIP16PM-WHT512"",""attributes"":{""color"":""White Titanium"",""storage"":""512GB""}},{""variantName"":""iPhone 16 Pro Max - Desert Titanium 1TB"",""stock"":15,""price"":""150600"",""discountPrice"":""145890"",""sku"":""MOB-240208-AIP16PM-DST1TB"",""attributes"":{""color"":""Desert Titanium"",""storage"":""1TB""}},{""variantName"":""iPhone 16 Pro Max - Natural Titanium 256GB"",""stock"":15,""price"":""113000"",""discountPrice"":""108190"",""sku"":""MOB-240208-AIP16PM-NAT256"",""attributes"":{""color"":""Natural Titanium"",""storage"":""256GB""}}]",,,"Display:6.9 inch Super Retina XDR,Resolution:2868x1320,Chip:A18 Pro,RAM:8GB,Storage:256GB/512GB/1TB,Rear Camera:48MP+48MP+12MP,Front Camera:12MP,Battery:Up to 33hrs video playback,OS:iOS 18,5G:Yes,Material:Titanium,Brand:Apple",20,12,5,480.0,,https://www.youtube.com/watch?v=iphone16promax,
Apple iPhone 16 Pro,Apple iPhone 16 Pro,Apple iPhone 16 Pro,Mobile,Smartphones,94150,,70,MOB-240209-AIP16P,,"https://store.storeimages.cdn-apple.com/4982/as-images.apple.com/is/iphone-16-pro-black-titanium-select?wid=940&hei=1112&fmt=png-alpha&.v=1725461522135,https://store.storeimages.cdn-apple.com/4982/as-images.apple.com/is/iphone-16-pro-white-titanium-select?wid=940&hei=1112&fmt=png-alpha&.v=1725461522232,https://store.storeimages.cdn-apple.com/4982/as-images.apple.com/is/iphone-16-pro-desert-titanium-select?wid=940&hei=1112&fmt=png-alpha&.v=1725461522005,https://store.storeimages.cdn-apple.com/4982/as-images.apple.com/is/iphone-16-pro-natural-titanium-select?wid=940&hei=1112&fmt=png-alpha&.v=1725461522170",True,,"[{""variantName"":""iPhone 16 Pro - Black Titanium 128GB"",""stock"":18,""price"":""94150"",""discountPrice"":""89440"",""sku"":""MOB-240209-AIP16P-BLK128"",""attributes"":{""color"":""Black Titanium"",""storage"":""128GB""}},{""variantName"":""iPhone 16 Pro - White Titanium 256GB"",""stock"":17,""price"":""103570"",""discountPrice"":""98860"",""sku"":""MOB-240209-AIP16P-WHT256"",""attributes"":{""color"":""White Titanium"",""storage"":""256GB""}},{""variantName"":""iPhone 16 Pro - Desert Titanium 512GB"",""stock"":17,""price"":""122370"",""discountPrice"":""117660"",""sku"":""MOB-240209-AIP16P-DST512"",""attributes"":{""color"":""Desert Titanium"",""storage"":""512GB""}},{""variantName"":""iPhone 16 Pro - Natural Titanium 1TB"",""stock"":18,""price"":""141200"",""discountPrice"":""136480"",""sku"":""MOB-240209-AIP16P-NAT1TB"",""attributes"":{""color"":""Natural Titanium"",""storage"":""1TB""}}]",,,"Display:6.3 inch Super Retina XDR,Resolution:2622x1206,Chip:A18 Pro,RAM:8GB,Storage:128GB/256GB/512GB/1TB,Rear Camera:48MP+48MP+12MP,Front Camera:12MP,Battery:Up to 27hrs video playback,OS:iOS 18,5G:Yes,Material:Titanium,Brand:Apple",18,11,4,440.0,,https://www.youtube.com/watch?v=iphone16pro,
Apple iPhone 16 Plus,Apple iPhone 16 Plus,Apple iPhone 16 Plus,Mobile,Smartphones,84730,,65,MOB-240211-AIP16PL,,"https://store.storeimages.cdn-apple.com/4982/as-images.apple.com/is/iphone-16-plus-finish-select-202409-6-7inch-black?wid=5120&hei=2880&fmt=p-jpg&.v=1724041038543,https://store.storeimages.cdn-apple.com/4982/as-images.apple.com/is/iphone-16-plus-finish-select-202409-6-7inch-white?wid=5120&hei=2880&fmt=p-jpg&.v=1724041039026,https://store.storeimages.cdn-apple.com/4982/as-images.apple.com/is/iphone-16-plus-finish-select-202409-6-7inch-teal?wid=5120&hei=2880&fmt=p-jpg&.v=1724041038543,https://store.storeimages.cdn-apple.com/4982/as-images.apple.com/is/iphone-16-plus-finish-select-202409-6-7inch-ultramarine?wid=5120&hei=2880&fmt=p-jpg&.v=1724041039026",True,,"[{""variantName"":""iPhone 16 Plus - Black 128GB"",""stock"":17,""price"":""84730"",""discountPrice"":""80020"",""sku"":""MOB-240211-AIP16PL-BLK128"",""attributes"":{""color"":""Black"",""storage"":""128GB""}},{""variantName"":""iPhone 16 Plus - White 256GB"",""stock"":16,""price"":""94150"",""discountPrice"":""89440"",""sku"":""MOB-240211-AIP16PL-WHT256"",""attributes"":{""color"":""White"",""storage"":""256GB""}},{""variantName"":""iPhone 16 Plus - Teal 512GB"",""stock"":16,""price"":""112970"",""discountPrice"":""108260"",""sku"":""MOB-240211-AIP16PL-TEA512"",""attributes"":{""color"":""Teal"",""storage"":""512GB""}},{""variantName"":""iPhone 16 Plus - Ultramarine 128GB"",""stock"":16,""price"":""84730"",""discountPrice"":""80020"",""sku"":""MOB-240211-AIP16PL-ULT128"",""attributes"":{""color"":""Ultramarine"",""storage"":""128GB""}}]",,,"Display:6.7 inch Super Retina XDR,Resolution:2796x1290,Chip:A18,RAM:8GB,Storage:128GB/256GB/512GB,Rear Camera:48MP+12MP,Front Camera:12MP,Battery:Up to 27hrs video playback,OS:iOS 18,5G:Yes,Action Button:Yes,Camera Control:Yes,Brand:Apple",20,11,4,440.0,,,
Apple iPhone 16,Apple iPhone 16,Apple iPhone 16,Mobile,Smartphones,75320,,85,MOB-240210-AIP16,,"https://store.storeimages.cdn-apple.com/4982/as-images.apple.com/is/iphone-16-finish-select-202409-6-1inch-black?wid=5120&hei=2880&fmt=p-jpg&.v=1723695391098,https://store.storeimages.cdn-apple.com/4982/as-images.apple.com/is/iphone-16-finish-select-202409-6-1inch-white?wid=5120&hei=2880&fmt=p-jpg&.v=1723695391098,https://store.storeimages.cdn-apple.com/4982/as-images.apple.com/is/iphone-16-finish-select-202409-6-1inch-teal?wid=5120&hei=2880&fmt=p-jpg&.v=1723695391098,https://store.storeimages.cdn-apple.com/4982/as-images.apple.com/is/iphone-16-finish-select-202409-6-1inch-pink?wid=5120&hei=2880&fmt=p-jpg&.v=1723695391098",True,,"[{""variantName"":""iPhone 16 - Black 128GB"",""stock"":22,""price"":""75320"",""discountPrice"":""70600"",""sku"":""MOB-240210-AIP16-BLK128"",""attributes"":{""color"":""Black"",""storage"":""128GB""}},{""variantName"":""iPhone 16 - White 256GB"",""stock"":21,""price"":""84740"",""discountPrice"":""80020"",""sku"":""MOB-240210-AIP16-WHT256"",""attributes"":{""color"":""White"",""storage"":""256GB""}},{""variantName"":""iPhone 16 - Teal 128GB"",""stock"":21,""price"":""75320"",""discountPrice"":""70600"",""sku"":""MOB-240210-AIP16-TEA128"",""attributes"":{""color"":""Teal"",""storage"":""128GB""}},{""variantName"":""iPhone 16 - Pink 512GB"",""stock"":21,""price"":""103570"",""discountPrice"":""98860"",""sku"":""MOB-240210-AIP16-PNK512"",""attributes"":{""color"":""Pink"",""storage"":""512GB""}}]",,,"Display:6.1 inch Super Retina XDR,Resolution:2556x1179,Chip:A18,RAM:8GB,Storage:128GB/256GB/512GB,Rear Camera:48MP+12MP,Front Camera:12MP,Battery:Up to 22hrs video playback,OS:iOS 18,5G:Yes,Action Button:Yes,Camera Control:Yes,Brand:Apple",18,10,4,400.0,,https://www.youtube.com/watch?v=iphone16,
Apple iPhone 15,Apple iPhone 15,Apple iPhone 15,Mobile,Smartphones,65910,,80,MOB-240212-AIP15,,"https://store.storeimages.cdn-apple.com/4982/as-images.apple.com/is/iphone-15-finish-select-202309-6-1inch-black?wid=5120&hei=2880&fmt=p-jpg&.v=1692923765553,https://store.storeimages.cdn-apple.com/4982/as-images.apple.com/is/iphone-15-finish-select-202309-6-1inch-blue?wid=5120&hei=2880&fmt=p-jpg&.v=1692923765553,https://store.storeimages.cdn-apple.com/4982/as-images.apple.com/is/iphone-15-finish-select-202309-6-1inch-green?wid=5120&hei=2880&fmt=p-jpg&.v=1692923765553,https://store.storeimages.cdn-apple.com/4982/as-images.apple.com/is/iphone-15-finish-select-202309-6-1inch-pink?wid=5120&hei=2880&fmt=p-jpg&.v=1692923765553",True,,"[{""variantName"":""iPhone 15 - Black 128GB"",""stock"":20,""price"":""65910"",""discountPrice"":""61200"",""sku"":""MOB-240212-AIP15-BLK128"",""attributes"":{""color"":""Black"",""storage"":""128GB""}},{""variantName"":""iPhone 15 - Blue 256GB"",""stock"":20,""price"":""75320"",""discountPrice"":""70600"",""sku"":""MOB-240212-AIP15-BLU256"",""attributes"":{""color"":""Blue"",""storage"":""256GB""}},{""variantName"":""iPhone 15 - Green 128GB"",""stock"":20,""price"":""65910"",""discountPrice"":""61200"",""sku"":""MOB-240212-AIP15-GRN128"",""attributes"":{""color"":""Green"",""storage"":""128GB""}},{""variantName"":""iPhone 15 - Pink 512GB"",""stock"":20,""price"":""94150"",""discountPrice"":""89440"",""sku"":""MOB-240212-AIP15-PNK512"",""attributes"":{""color"":""Pink"",""storage"":""512GB""}}]",,,"Display:6.1 inch Super Retina XDR,Resolution:2556x1179,Chip:A16 Bionic,RAM:6GB,Storage:128GB/256GB/512GB,Rear Camera:48MP+12MP,Front Camera:12MP,Battery:Up to 20hrs video playback,OS:iOS 18,5G:Yes,USB-C:Yes,Brand:Apple",17,10,4,400.0,,,
Apple iPhone 14,Apple iPhone 14,Apple iPhone 14,Mobile,Smartphones,56500,,75,MOB-240216-AIP14,,"https://store.storeimages.cdn-apple.com/4982/as-images.apple.com/is/iphone-14-finish-select-202209-6-1inch-midnight?wid=5120&hei=2880&fmt=p-jpg&.v=1663703841896,https://store.storeimages.cdn-apple.com/4982/as-images.apple.com/is/iphone-14-finish-select-202209-6-1inch-blue?wid=5120&hei=2880&fmt=p-jpg&.v=1663703841896,https://store.storeimages.cdn-apple.com/4982/as-images.apple.com/is/iphone-14-finish-select-202209-6-1inch-purple?wid=5120&hei=2880&fmt=p-jpg&.v=1663703841896,https://store.storeimages.cdn-apple.com/4982/as-images.apple.com/is/iphone-14-finish-select-202209-6-1inch-starlight?wid=5120&hei=2880&fmt=p-jpg&.v=1663703841896",True,,"[{""variantName"":""iPhone 14 - Midnight 128GB"",""stock"":19,""price"":""56500"",""discountPrice"":""51790"",""sku"":""MOB-240216-AIP14-MID128"",""attributes"":{""color"":""Midnight"",""storage"":""128GB""}},{""variantName"":""iPhone 14 - Blue 256GB"",""stock"":19,""price"":""65910"",""discountPrice"":""61200"",""sku"":""MOB-240216-AIP14-BLU256"",""attributes"":{""color"":""Blue"",""storage"":""256GB""}},{""variantName"":""iPhone 14 - Purple 512GB"",""stock"":18,""price"":""84730"",""discountPrice"":""80020"",""sku"":""MOB-240216-AIP14-PUR512"",""attributes"":{""color"":""Purple"",""storage"":""512GB""}},{""variantName"":""iPhone 14 - Starlight 128GB"",""stock"":19,""price"":""56500"",""discountPrice"":""51790"",""sku"":""MOB-240216-AIP14-STR128"",""attributes"":{""color"":""Starlight"",""storage"":""128GB""}}]",,,"Display:6.1 inch Super Retina XDR,Resolution:2532x1170,Chip:A15 Bionic,RAM:6GB,Storage:128GB/256GB/512GB,Rear Camera:12MP+12MP,Front Camera:12MP,Battery:Up to 20hrs video playback,OS:iOS 18,5G:Yes,Crash Detection:Yes,Brand:Apple",17,10,4,390.0,,,
Apple iPhone 13,Apple iPhone 13,Apple iPhone 13,Mobile,Smartphones,47080,,70,MOB-240220-AIP13,,"https://store.storeimages.cdn-apple.com/4982/as-images.apple.com/is/iphone-13-finish-select-202207-6-1inch-midnight?wid=5120&hei=2880&fmt=p-jpg&.v=1657714942875,https://store.storeimages.cdn-apple.com/4982/as-images.apple.com/is/iphone-13-finish-select-202207-6-1inch-blue?wid=5120&hei=2880&fmt=p-jpg&.v=1657714942875,https://store.storeimages.cdn-apple.com/4982/as-images.apple.com/is/iphone-13-finish-select-202207-6-1inch-pink?wid=5120&hei=2880&fmt=p-jpg&.v=1657714942875,https://store.storeimages.cdn-apple.com/4982/as-images.apple.com/is/iphone-13-finish-select-202207-6-1inch-red?wid=5120&hei=2880&fmt=p-jpg&.v=1657714942875",True,,"[{""variantName"":""iPhone 13 - Midnight 128GB"",""stock"":18,""price"":""47080"",""discountPrice"":""44240"",""sku"":""MOB-240220-AIP13-MID128"",""attributes"":{""color"":""Midnight"",""storage"":""128GB""}},{""variantName"":""iPhone 13 - Blue 256GB"",""stock"":17,""price"":""56500"",""discountPrice"":""53650"",""sku"":""MOB-240220-AIP13-BLU256"",""attributes"":{""color"":""Blue"",""storage"":""256GB""}},{""variantName"":""iPhone 13 - Pink 128GB"",""stock"":17,""price"":""47080"",""discountPrice"":""44240"",""sku"":""MOB-240220-AIP13-PNK128"",""attributes"":{""color"":""Pink"",""storage"":""128GB""}},{""variantName"":""iPhone 13 - Product Red 512GB"",""stock"":18,""price"":""65900"",""discountPrice"":""61200"",""sku"":""MOB-240220-AIP13-RED512"",""attributes"":{""color"":""Product Red"",""storage"":""512GB""}}]",,,"Display:6.1 inch Super Retina XDR,Resolution:2532x1170,Chip:A15 Bionic,RAM:4GB,Storage:128GB/256GB/512GB,Rear Camera:12MP+12MP,Front Camera:12MP,Battery:Up to 19hrs video playback,OS:iOS 17,5G:Yes,Brand:Apple",17,10,4,380.0,,,
Apple iPhone SE 3rd Generation,Apple iPhone SE 3rd Generation,Apple iPhone SE 3rd Generation,Mobile,Smartphones,40490,,85,MOB-240218-AISE3,,"https://store.storeimages.cdn-apple.com/4982/as-images.apple.com/is/iphone-se-finish-select-202203-midnight?wid=940&hei=1112&fmt=png-alpha&.v=1646502829961,https://store.storeimages.cdn-apple.com/4982/as-images.apple.com/is/iphone-se-finish-select-202203-starlight?wid=940&hei=1112&fmt=png-alpha&.v=1646502829945,https://store.storeimages.cdn-apple.com/4982/as-images.apple.com/is/iphone-se-finish-select-202203-red?wid=940&hei=1112&fmt=png-alpha&.v=1646502829927",True,,"[{""variantName"":""iPhone SE 3rd Gen - Midnight 64GB"",""stock"":28,""price"":""40490"",""discountPrice"":""37660"",""sku"":""MOB-240218-AISE3-MID64"",""attributes"":{""color"":""Midnight"",""storage"":""64GB""}},{""variantName"":""iPhone SE 3rd Gen - Starlight 128GB"",""stock"":29,""price"":""45180"",""discountPrice"":""42360"",""sku"":""MOB-240218-AISE3-STR128"",""attributes"":{""color"":""Starlight"",""storage"":""128GB""}},{""variantName"":""iPhone SE 3rd Gen - Product Red 256GB"",""stock"":28,""price"":""49870"",""discountPrice"":""47050"",""sku"":""MOB-240218-AISE3-RED256"",""attributes"":{""color"":""Product Red"",""storage"":""256GB""}}]",,,"Display:4.7 inch Retina HD,Resolution:1334x750,Chip:A15 Bionic,RAM:4GB,Storage:64GB/128GB/256GB,Rear Camera:12MP,Front Camera:7MP,Battery:Up to 15hrs video playback,OS:iOS 17,5G:Yes,Touch ID:Yes,Brand:Apple",16,9,4,300.0,,,
"Samsung Galaxy Book4 Pro 360 16""","Samsung Galaxy Book4 Pro 360 16""","Samsung Galaxy Book4 Pro 360 16""",Laptops,Laptops,141210,,30,LAP-240301-SGB4P36,,"https://images.samsung.com/is/image/samsung/p6pim/in/np960qgk-kg1in/gallery/in-galaxy-book4-pro-360-16-np960qgk-np960qgk-kg1in-thumb-539457500?$650_519_PNG$,https://images.samsung.com/is/image/samsung/p6pim/in/np960qgk-kg1in/gallery/in-galaxy-book4-pro-360-16-np960qgk-np960qgk-kg1in-thumb-539457501?$650_519_PNG$,https://images.samsung.com/is/image/samsung/p6pim/in/np960qgk-kg1in/gallery/in-galaxy-book4-pro-360-16-np960qgk-np960qgk-kg1in-thumb-539457502?$650_519_PNG$",True,,"[{""variantName"":""Samsung Galaxy Book4 Pro 360 16\"" - Moonstone Gray 512GB"",""stock"":15,""price"":""141210"",""discountPrice"":""131820"",""sku"":""LAP-240301-SGB4P36-GRY512"",""attributes"":{""color"":""Moonstone Gray"",""storage"":""512GB""}},{""variantName"":""Samsung Galaxy Book4 Pro 360 16\"" - Platinum Silver 1TB"",""stock"":15,""price"":""160060"",""discountPrice"":""150680"",""sku"":""LAP-240301-SGB4P36-SLV1TB"",""attributes"":{""color"":""Platinum Silver"",""storage"":""1TB""}}]",,,"Display:16 inch 3K AMOLED 360,Resolution:2880x1800,Processor:Intel Core Ultra 7 155H,RAM:16GB LPDDR5,Storage:512GB/1TB NVMe SSD,GPU:Intel Arc Graphics,OS:Windows 11 Home,Battery:76Wh,Weight:1.66kg,Ports:Thunderbolt 4,USB-A,HDMI,SD Card,Brand:Samsung",40,28,8,3.0,,https://www.youtube.com/watch?v=samsung_book4_pro360,
"Samsung Galaxy Book4 Pro 14""","Samsung Galaxy Book4 Pro 14""","Samsung Galaxy Book4 Pro 14""",Laptops,Laptops,122400,,35,LAP-240302-SGB4P14,,"https://images.samsung.com/is/image/samsung/p6pim/in/np940qgk-kg1in/gallery/in-galaxy-book4-pro-14-np940qgk-np940qgk-kg1in-thumb-539457490?$650_519_PNG$,https://images.samsung.com/is/image/samsung/p6pim/in/np940qgk-kg1in/gallery/in-galaxy-book4-pro-14-np940qgk-np940qgk-kg1in-thumb-539457491?$650_519_PNG$,https://images.samsung.com/is/image/samsung/p6pim/in/np940qgk-kg1in/gallery/in-galaxy-book4-pro-14-np940qgk-np940qgk-kg1in-thumb-539457492?$650_519_PNG$",True,,"[{""variantName"":""Samsung Galaxy Book4 Pro 14\"" - Moonstone Gray 512GB"",""stock"":18,""price"":""122400"",""discountPrice"":""113010"",""sku"":""LAP-240302-SGB4P14-GRY512"",""attributes"":{""color"":""Moonstone Gray"",""storage"":""512GB""}},{""variantName"":""Samsung Galaxy Book4 Pro 14\"" - Platinum Silver 1TB"",""stock"":17,""price"":""141210"",""discountPrice"":""131820"",""sku"":""LAP-240302-SGB4P14-SLV1TB"",""attributes"":{""color"":""Platinum Silver"",""storage"":""1TB""}}]",,,"Display:14 inch 3K AMOLED,Resolution:2880x1800,Processor:Intel Core Ultra 7 155H,RAM:16GB LPDDR5,Storage:512GB/1TB NVMe SSD,GPU:Intel Arc Graphics,OS:Windows 11 Home,Battery:63Wh,Weight:1.24kg,Ports:Thunderbolt 4,USB-A,HDMI,Brand:Samsung",33,24,8,2.5,,,
"Samsung Galaxy Book4 Ultra 16""","Samsung Galaxy Book4 Ultra 16""","Samsung Galaxy Book4 Ultra 16""",Laptops,Laptops,207100,,18,LAP-240309-SGB4ULT,,"https://images.samsung.com/is/image/samsung/p6pim/in/np960xfh-xg1in/gallery/in-galaxy-book4-ultra-16-np960xfh-np960xfh-xg1in-thumb-539457510?$650_519_PNG$,https://images.samsung.com/is/image/samsung/p6pim/in/np960xfh-xg1in/gallery/in-galaxy-book4-ultra-16-np960xfh-np960xfh-xg1in-thumb-539457511?$650_519_PNG$,https://images.samsung.com/is/image/samsung/p6pim/in/np960xfh-xg1in/gallery/in-galaxy-book4-ultra-16-np960xfh-np960xfh-xg1in-thumb-539457512?$650_519_PNG$",True,,"[{""variantName"":""Samsung Galaxy Book4 Ultra 16\"" - Moonstone Gray 1TB"",""stock"":10,""price"":""207100"",""discountPrice"":""188290"",""sku"":""LAP-240309-SGB4ULT-GRY1TB"",""attributes"":{""color"":""Moonstone Gray"",""storage"":""1TB""}},{""variantName"":""Samsung Galaxy Book4 Ultra 16\"" - Platinum Silver 2TB"",""stock"":8,""price"":""235340"",""discountPrice"":""216560"",""sku"":""LAP-240309-SGB4ULT-SLV2TB"",""attributes"":{""color"":""Platinum Silver"",""storage"":""2TB""}}]",,,"Display:16 inch 3K AMOLED,Resolution:2880x1800,Processor:Intel Core Ultra 9 185H,RAM:32GB LPDDR5,Storage:1TB/2TB NVMe SSD,GPU:NVIDIA GeForce RTX 4070,OS:Windows 11 Home,Battery:76Wh,Weight:1.86kg,Brand:Samsung",40,28,9,3.5,,,
"Samsung Galaxy Book4 360 15.6""","Samsung Galaxy Book4 360 15.6""","Samsung Galaxy Book4 360 15.6""",Laptops,Laptops,94160,,40,LAP-240303-SGB4360,,"https://images.samsung.com/is/image/samsung/p6pim/in/np750qgk-kg1in/gallery/in-galaxy-book4-360-15-6-np750qgk-np750qgk-kg1in-thumb-539457480?$650_519_PNG$,https://images.samsung.com/is/image/samsung/p6pim/in/np750qgk-kg1in/gallery/in-galaxy-book4-360-15-6-np750qgk-np750qgk-kg1in-thumb-539457481?$650_519_PNG$,https://images.samsung.com/is/image/samsung/p6pim/in/np750qgk-kg1in/gallery/in-galaxy-book4-360-15-6-np750qgk-np750qgk-kg1in-thumb-539457482?$650_519_PNG$",True,,"[{""variantName"":""Samsung Galaxy Book4 360 - Silver 256GB"",""stock"":20,""price"":""94160"",""discountPrice"":""87600"",""sku"":""LAP-240303-SGB4360-SLV256"",""attributes"":{""color"":""Silver"",""storage"":""256GB""}},{""variantName"":""Samsung Galaxy Book4 360 - Gray 512GB"",""stock"":20,""price"":""103560"",""discountPrice"":""96990"",""sku"":""LAP-240303-SGB4360-GRY512"",""attributes"":{""color"":""Gray"",""storage"":""512GB""}}]",,,"Display:15.6 inch FHD AMOLED 360,Resolution:1920x1080,Processor:Intel Core 7 150U,RAM:16GB LPDDR4x,Storage:256GB/512GB NVMe SSD,GPU:Intel Graphics,OS:Windows 11 Home,Battery:68Wh,Weight:1.69kg,Stylus:S Pen included,Brand:Samsung",38,26,8,3.0,,,
"Samsung Galaxy Book4 15.6""","Samsung Galaxy Book4 15.6""","Samsung Galaxy Book4 15.6""",Laptops,Laptops,75330,,50,LAP-240304-SGB415,,"https://images.samsung.com/is/image/samsung/p6pim/in/np750xgk-kg1in/gallery/in-galaxy-book4-15-6-np750xgk-np750xgk-kg1in-thumb-539457465?$650_519_PNG$,https://images.samsung.com/is/image/samsung/p6pim/in/np750xgk-kg1in/gallery/in-galaxy-book4-15-6-np750xgk-np750xgk-kg1in-thumb-539457466?$650_519_PNG$,https://images.samsung.com/is/image/samsung/p6pim/in/np750xgk-kg1in/gallery/in-galaxy-book4-15-6-np750xgk-np750xgk-kg1in-thumb-539457467?$650_519_PNG$",True,,"[{""variantName"":""Samsung Galaxy Book4 15.6\"" - Silver 256GB"",""stock"":25,""price"":""75330"",""discountPrice"":""70630"",""sku"":""LAP-240304-SGB415-SLV256"",""attributes"":{""color"":""Silver"",""storage"":""256GB""}},{""variantName"":""Samsung Galaxy Book4 15.6\"" - Gray 512GB"",""stock"":25,""price"":""84740"",""discountPrice"":""80040"",""sku"":""LAP-240304-SGB415-GRY512"",""attributes"":{""color"":""Gray"",""storage"":""512GB""}}]",,,"Display:15.6 inch FHD,Resolution:1920x1080,Processor:Intel Core 5 120U,RAM:16GB LPDDR4x,Storage:256GB/512GB NVMe SSD,GPU:Intel Graphics,OS:Windows 11 Home,Battery:54Wh,Weight:1.55kg,Brand:Samsung",38,26,8,3.0,,,
"Samsung Galaxy Book4 Edge 14""","Samsung Galaxy Book4 Edge 14""","Samsung Galaxy Book4 Edge 14""",Laptops,Laptops,122400,,22,LAP-240311-SGB4EDG,,"https://images.samsung.com/is/image/samsung/p6pim/in/np940xma-xg1in/gallery/in-galaxy-book4-edge-14-np940xma-np940xma-xg1in-thumb-539457455?$650_519_PNG$,https://images.samsung.com/is/image/samsung/p6pim/in/np940xma-xg1in/gallery/in-galaxy-book4-edge-14-np940xma-np940xma-xg1in-thumb-539457456?$650_519_PNG$,https://images.samsung.com/is/image/samsung/p6pim/in/np940xma-xg1in/gallery/in-galaxy-book4-edge-14-np940xma-np940xma-xg1in-thumb-539457457?$650_519_PNG$",True,,"[{""variantName"":""Samsung Galaxy Book4 Edge 14\"" - Sapphire Blue 512GB"",""stock"":12,""price"":""122400"",""discountPrice"":""113000"",""sku"":""LAP-240311-SGB4EDG-BLU512"",""attributes"":{""color"":""Sapphire Blue"",""storage"":""512GB""}},{""variantName"":""Samsung Galaxy Book4 Edge 14\"" - Platinum Silver 1TB"",""stock"":10,""price"":""141210"",""discountPrice"":""131820"",""sku"":""LAP-240311-SGB4EDG-SLV1TB"",""attributes"":{""color"":""Platinum Silver"",""storage"":""1TB""}}]",,,"Display:14 inch 3K AMOLED,Resolution:2880x1800,Processor:Snapdragon X Elite,RAM:16GB,Storage:512GB/1TB NVMe SSD,GPU:Adreno,OS:Windows 11 Home,Battery:55Wh,Weight:1.17kg,AI:Copilot+,Brand:Samsung",33,24,7,2.0,,,
"Apple MacBook Air 13"" M3 (2024)","Apple MacBook Air 13"" M3 (2024)","Apple MacBook Air 13"" M3 (2024)",Laptops,Laptops,103560,,55,LAP-240305-AMBA13M3,,"https://store.storeimages.cdn-apple.com/4982/as-images.apple.com/is/macbook-air-midnight-select-20220606?wid=904&hei=840&fmt=jpeg&qlt=90&.v=1653084303665,https://store.storeimages.cdn-apple.com/4982/as-images.apple.com/is/macbook-air-starlight-select-20220606?wid=904&hei=840&fmt=jpeg&qlt=90&.v=1653084303665,https://store.storeimages.cdn-apple.com/4982/as-images.apple.com/is/macbook-air-spacegray-select-20220606?wid=904&hei=840&fmt=jpeg&qlt=90&.v=1653084303665,https://store.storeimages.cdn-apple.com/4982/as-images.apple.com/is/macbook-air-silver-select-20220606?wid=904&hei=840&fmt=jpeg&qlt=90&.v=1653084303665",True,,"[{""variantName"":""MacBook Air 13\"" M3 - Midnight 8GB 256GB"",""stock"":15,""price"":""103560"",""discountPrice"":""98850"",""sku"":""LAP-240305-AMBA13M3-MID256"",""attributes"":{""color"":""Midnight"",""storage"":""256GB"",""RAM"":""8GB""}},{""variantName"":""MacBook Air 13\"" M3 - Starlight 16GB 512GB"",""stock"":14,""price"":""141200"",""discountPrice"":""136490"",""sku"":""LAP-240305-AMBA13M3-STR512"",""attributes"":{""color"":""Starlight"",""storage"":""512GB"",""RAM"":""16GB""}},{""variantName"":""MacBook Air 13\"" M3 - Space Gray 8GB 512GB"",""stock"":13,""price"":""122380"",""discountPrice"":""117660"",""sku"":""LAP-240305-AMBA13M3-SPG512"",""attributes"":{""color"":""Space Gray"",""storage"":""512GB"",""RAM"":""8GB""}},{""variantName"":""MacBook Air 13\"" M3 - Silver 24GB 2TB"",""stock"":13,""price"":""178940"",""discountPrice"":""174220"",""sku"":""LAP-240305-AMBA13M3-SLV2TB"",""attributes"":{""color"":""Silver"",""storage"":""2TB"",""RAM"":""24GB""}}]",,,"Display:13.6 inch Liquid Retina,Resolution:2560x1664,Chip:Apple M3,CPU:8-core,GPU:10-core,RAM:8GB/16GB/24GB,Storage:256GB/512GB/1TB/2TB,Battery:Up to 18hrs,Weight:1.24kg,Ports:2x Thunderbolt/USB 4,MagSafe 3,OS:macOS Sonoma,Brand:Apple",32,23,6,2.0,,https://www.youtube.com/watch?v=macbook_air_m3,
"Apple MacBook Air 15"" M3 (2024)","Apple MacBook Air 15"" M3 (2024)","Apple MacBook Air 15"" M3 (2024)",Laptops,Laptops,122400,,45,LAP-240306-AMBA15M3,,"https://store.storeimages.cdn-apple.com/4982/as-images.apple.com/is/macbook-air-15-midnight-select-20240308?wid=904&hei=840&fmt=jpeg&qlt=90&.v=1709310456&v=1709310456,https://store.storeimages.cdn-apple.com/4982/as-images.apple.com/is/macbook-air-15-starlight-select-20240308?wid=904&hei=840&fmt=jpeg&qlt=90&.v=1709310456,https://store.storeimages.cdn-apple.com/4982/as-images.apple.com/is/macbook-air-15-spacegray-select-20240308?wid=904&hei=840&fmt=jpeg&qlt=90&.v=1709310456,https://store.storeimages.cdn-apple.com/4982/as-images.apple.com/is/macbook-air-15-silver-select-20240308?wid=904&hei=840&fmt=jpeg&qlt=90&.v=1709310456",True,,"[{""variantName"":""MacBook Air 15\"" M3 - Midnight 8GB 256GB"",""stock"":12,""price"":""122400"",""discountPrice"":""117680"",""sku"":""LAP-240306-AMBA15M3-MID256"",""attributes"":{""color"":""Midnight"",""storage"":""256GB"",""RAM"":""8GB""}},{""variantName"":""MacBook Air 15\"" M3 - Starlight 16GB 512GB"",""stock"":11,""price"":""160040"",""discountPrice"":""155320"",""sku"":""LAP-240306-AMBA15M3-STR512"",""attributes"":{""color"":""Starlight"",""storage"":""512GB"",""RAM"":""16GB""}},{""variantName"":""MacBook Air 15\"" M3 - Space Gray 16GB 1TB"",""stock"":11,""price"":""178850"",""discountPrice"":""174130"",""sku"":""LAP-240306-AMBA15M3-SPG1TB"",""attributes"":{""color"":""Space Gray"",""storage"":""1TB"",""RAM"":""16GB""}},{""variantName"":""MacBook Air 15\"" M3 - Silver 24GB 2TB"",""stock"":11,""price"":""207100"",""discountPrice"":""202380"",""sku"":""LAP-240306-AMBA15M3-SLV2TB"",""attributes"":{""color"":""Silver"",""storage"":""2TB"",""RAM"":""24GB""}}]",,,"Display:15.3 inch Liquid Retina,Resolution:2880x1864,Chip:Apple M3,CPU:8-core,GPU:10-core,RAM:8GB/16GB/24GB,Storage:256GB/512GB/1TB/2TB,Battery:Up to 18hrs,Weight:1.51kg,Ports:2x Thunderbolt/USB 4,MagSafe 3,OS:macOS Sonoma,Brand:Apple",37,26,6,2.5,,https://www.youtube.com/watch?v=macbook_air15_m3,
"Apple MacBook Pro 14"" M4 (2024)","Apple MacBook Pro 14"" M4 (2024)","Apple MacBook Pro 14"" M4 (2024)",Laptops,Laptops,150630,,38,LAP-240307-AMBP14M4,,"https://store.storeimages.cdn-apple.com/4982/as-images.apple.com/is/mbp14-spaceblack-select-202410?wid=904&hei=840&fmt=jpeg&qlt=90&.v=1728916322592,https://store.storeimages.cdn-apple.com/4982/as-images.apple.com/is/mbp14-silver-select-202410?wid=904&hei=840&fmt=jpeg&qlt=90&.v=1728916322592,https://store.storeimages.cdn-apple.com/4982/as-images.apple.com/is/mbp14-spaceblack-select-202410-gallery?wid=2560&hei=1440&fmt=jpeg&qlt=90&.v=1728916330592",True,,"[{""variantName"":""MacBook Pro 14\"" M4 - Space Black 16GB 512GB"",""stock"":13,""price"":""150630"",""discountPrice"":""145910"",""sku"":""LAP-240307-AMBP14M4-SPB512"",""attributes"":{""color"":""Space Black"",""storage"":""512GB"",""RAM"":""16GB""}},{""variantName"":""MacBook Pro 14\"" M4 Pro - Silver 24GB 512GB"",""stock"":13,""price"":""188340"",""discountPrice"":""183620"",""sku"":""LAP-240307-AMBP14M4P-SLV512"",""attributes"":{""color"":""Silver"",""storage"":""512GB"",""RAM"":""24GB"",""chip"":""M4 Pro""}},{""variantName"":""MacBook Pro 14\"" M4 Max - Space Black 64GB 1TB"",""stock"":12,""price"":""329510"",""discountPrice"":""324790"",""sku"":""LAP-240307-AMBP14M4X-SPB1TB"",""attributes"":{""color"":""Space Black"",""storage"":""1TB"",""RAM"":""64GB"",""chip"":""M4 Max""}}]",,,"Display:14.2 inch Liquid Retina XDR,Resolution:3024x1964,Chip:Apple M4/M4 Pro/M4 Max,CPU:10-16 core,GPU:10-40 core,RAM:16GB-128GB,Storage:512GB-8TB,Battery:Up to 24hrs,Weight:1.61kg,Ports:3x Thunderbolt 4/5,HDMI 2.1,SD Card,MagSafe 3,OS:macOS Sequoia,Brand:Apple",33,24,7,2.0,,https://www.youtube.com/watch?v=macbook_pro14_m4,
"Apple MacBook Pro 16"" M4 Pro (2024)","Apple MacBook Pro 16"" M4 Pro (2024)","Apple MacBook Pro 16"" M4 Pro (2024)",Laptops,Laptops,235370,,28,LAP-240308-AMBP16M4P,,"https://store.storeimages.cdn-apple.com/4982/as-images.apple.com/is/mbp16-spaceblack-select-202410?wid=904&hei=840&fmt=jpeg&qlt=90&.v=1728916322592,https://store.storeimages.cdn-apple.com/4982/as-images.apple.com/is/mbp16-silver-select-202410?wid=904&hei=840&fmt=jpeg&qlt=90&.v=1728916322592,https://store.storeimages.cdn-apple.com/4982/as-images.apple.com/is/mbp16-spaceblack-gallery1-202410?wid=2560&hei=1440&fmt=jpeg&qlt=90&.v=1728916330592",True,,"[{""variantName"":""MacBook Pro 16\"" M4 Pro - Space Black 24GB 512GB"",""stock"":10,""price"":""235370"",""discountPrice"":""230650"",""sku"":""LAP-240308-AMBP16M4P-SPB512"",""attributes"":{""color"":""Space Black"",""storage"":""512GB"",""RAM"":""24GB""}},{""variantName"":""MacBook Pro 16\"" M4 Pro - Silver 48GB 1TB"",""stock"":10,""price"":""282480"",""discountPrice"":""277760"",""sku"":""LAP-240308-AMBP16M4P-SLV1TB"",""attributes"":{""color"":""Silver"",""storage"":""1TB"",""RAM"":""48GB""}},{""variantName"":""MacBook Pro 16\"" M4 Max - Space Black 128GB 1TB"",""stock"":8,""price"":""376600"",""discountPrice"":""371880"",""sku"":""LAP-240308-AMBP16M4X-SPB1TB"",""attributes"":{""color"":""Space Black"",""storage"":""1TB"",""RAM"":""128GB"",""chip"":""M4 Max""}}]",,,"Display:16.2 inch Liquid Retina XDR,Resolution:3456x2234,Chip:Apple M4 Pro/M4 Max,CPU:14-16 core,GPU:20-40 core,RAM:24GB-128GB,Storage:512GB-8TB,Battery:Up to 24hrs,Weight:2.14kg,Ports:3x Thunderbolt 5,HDMI 2.1,SD Card,MagSafe 3,OS:macOS Sequoia,Brand:Apple",40,28,7,3.0,,https://www.youtube.com/watch?v=macbook_pro16_m4,
"Apple MacBook Air 13"" M1","Apple MacBook Air 13"" M1","Apple MacBook Air 13"" M1",Laptops,Laptops,75330,,30,LAP-240316-AMBA13M1,,"https://store.storeimages.cdn-apple.com/4982/as-images.apple.com/is/macbook-air-space-gray-select-201810?wid=904&hei=840&fmt=jpeg&qlt=90&.v=1633655988668,https://store.storeimages.cdn-apple.com/4982/as-images.apple.com/is/macbook-air-gold-select-201810?wid=904&hei=840&fmt=jpeg&qlt=90&.v=1633655988668,https://store.storeimages.cdn-apple.com/4982/as-images.apple.com/is/macbook-air-silver-select-201810?wid=904&hei=840&fmt=jpeg&qlt=90&.v=1633655988668",True,,"[{""variantName"":""MacBook Air 13\"" M1 - Space Gray 256GB"",""stock"":10,""price"":""75330"",""discountPrice"":""70620"",""sku"":""LAP-240316-AMBA13M1-SPG256"",""attributes"":{""color"":""Space Gray"",""storage"":""256GB"",""RAM"":""8GB""}},{""variantName"":""MacBook Air 13\"" M1 - Gold 512GB"",""stock"":10,""price"":""94140"",""discountPrice"":""89420"",""sku"":""LAP-240316-AMBA13M1-GLD512"",""attributes"":{""color"":""Gold"",""storage"":""512GB"",""RAM"":""8GB""}},{""variantName"":""MacBook Air 13\"" M1 - Silver 8GB 256GB"",""stock"":10,""price"":""75330"",""discountPrice"":""70620"",""sku"":""LAP-240316-AMBA13M1-SLV256"",""attributes"":{""color"":""Silver"",""storage"":""256GB"",""RAM"":""8GB""}}]",,,"Display:13.3 inch Retina,Resolution:2560x1600,Chip:Apple M1,CPU:8-core,GPU:7-core,RAM:8GB,Storage:256GB/512GB,Battery:Up to 18hrs,Weight:1.29kg,Ports:2x Thunderbolt/USB 4,OS:macOS Ventura,Brand:Apple",32,23,6,2.0,,,
"Samsung Galaxy Tab S10 Ultra 14.6""","Samsung Galaxy Tab S10 Ultra 14.6""","Samsung Galaxy Tab S10 Ultra 14.6""",Tablets,Tablets,113000,,30,TAB-240401-SGTS10U,,"https://images.samsung.com/is/image/samsung/p6pim/in/sm-x920nzaains/gallery/in-galaxy-tab-s10-ultra-x920-sm-x920nzaains-thumb-541090001?$650_519_PNG$,https://images.samsung.com/is/image/samsung/p6pim/in/sm-x920nzaains/gallery/in-galaxy-tab-s10-ultra-x920-sm-x920nzaains-thumb-541090002?$650_519_PNG$,https://images.samsung.com/is/image/samsung/p6pim/in/sm-x920nzaains/gallery/in-galaxy-tab-s10-ultra-x920-sm-x920nzaains-thumb-541090003?$650_519_PNG$,https://images.samsung.com/is/image/samsung/p6pim/in/sm-x926bzkains/gallery/in-galaxy-tab-s10-ultra-x926-sm-x926bzkains-thumb-541090010?$650_519_PNG$",True,,"[{""variantName"":""Samsung Galaxy Tab S10 Ultra - Graphite 256GB WiFi"",""stock"":10,""price"":""113000"",""discountPrice"":""103600"",""sku"":""TAB-240401-SGTS10U-GRF256W"",""attributes"":{""color"":""Graphite"",""storage"":""256GB"",""connectivity"":""WiFi""}},{""variantName"":""Samsung Galaxy Tab S10 Ultra - Graphite 512GB WiFi"",""stock"":10,""price"":""131800"",""discountPrice"":""122390"",""sku"":""TAB-240401-SGTS10U-GRF512W"",""attributes"":{""color"":""Graphite"",""storage"":""512GB"",""connectivity"":""WiFi""}},{""variantName"":""Samsung Galaxy Tab S10 Ultra - Graphite 256GB 5G"",""stock"":10,""price"":""131800"",""discountPrice"":""122390"",""sku"":""TAB-240401-SGTS10U-GRF256G"",""attributes"":{""color"":""Graphite"",""storage"":""256GB"",""connectivity"":""5G""}}]",,,"Display:14.6 inch Dynamic AMOLED 2X,Resolution:2960x1848,Processor:Snapdragon 8 Gen 3,RAM:12GB,Storage:256GB/512GB,Rear Camera:13MP+8MP,Front Camera:12MP+12MP,Battery:11200mAh,OS:Android 14 One UI 6.1.1,S Pen:Included,Brand:Samsung",37,24,4,1.0,,https://www.youtube.com/watch?v=samsung_tabs10_ultra,
"Samsung Galaxy Tab S10+ 12.4""","Samsung Galaxy Tab S10+ 12.4""","Samsung Galaxy Tab S10+ 12.4""",Tablets,Tablets,94150,,35,TAB-240402-SGTS10P,,"https://images.samsung.com/is/image/samsung/p6pim/in/sm-x820nzaainu/gallery/in-galaxy-tab-s10-plus-x820-sm-x820nzaainu-thumb-541090020?$650_519_PNG$,https://images.samsung.com/is/image/samsung/p6pim/in/sm-x820nzaainu/gallery/in-galaxy-tab-s10-plus-x820-sm-x820nzaainu-thumb-541090021?$650_519_PNG$,https://images.samsung.com/is/image/samsung/p6pim/in/sm-x826bzkains/gallery/in-galaxy-tab-s10-plus-x826-sm-x826bzkains-thumb-541090028?$650_519_PNG$",True,,"[{""variantName"":""Samsung Galaxy Tab S10+ - Moonstone Gray 256GB WiFi"",""stock"":12,""price"":""94150"",""discountPrice"":""87560"",""sku"":""TAB-240402-SGTS10P-GRY256W"",""attributes"":{""color"":""Moonstone Gray"",""storage"":""256GB"",""connectivity"":""WiFi""}},{""variantName"":""Samsung Galaxy Tab S10+ - Silver 512GB WiFi"",""stock"":12,""price"":""108250"",""discountPrice"":""100710"",""sku"":""TAB-240402-SGTS10P-SLV512W"",""attributes"":{""color"":""Silver"",""storage"":""512GB"",""connectivity"":""WiFi""}},{""variantName"":""Samsung Galaxy Tab S10+ - Moonstone Gray 256GB 5G"",""stock"":11,""price"":""108250"",""discountPrice"":""100710"",""sku"":""TAB-240402-SGTS10P-GRY256G"",""attributes"":{""color"":""Moonstone Gray"",""storage"":""256GB"",""connectivity"":""5G""}}]",,,"Display:12.4 inch Dynamic AMOLED 2X,Resolution:2800x1752,Processor:Snapdragon 8 Gen 3,RAM:12GB,Storage:256GB/512GB,Rear Camera:13MP+8MP,Front Camera:12MP,Battery:10090mAh,OS:Android 14 One UI 6.1.1,S Pen:Included,Brand:Samsung",32,21,4,0.8,,,
"Samsung Galaxy Tab S10 11""","Samsung Galaxy Tab S10 11""","Samsung Galaxy Tab S10 11""",Tablets,Tablets,75330,,45,TAB-240403-SGTS10,,"https://images.samsung.com/is/image/samsung/p6pim/in/sm-x710nzaainu/gallery/in-galaxy-tab-s10-x710-sm-x710nzaainu-thumb-541090030?$650_519_PNG$,https://images.samsung.com/is/image/samsung/p6pim/in/sm-x710nzaainu/gallery/in-galaxy-tab-s10-x710-sm-x710nzaainu-thumb-541090031?$650_519_PNG$,https://images.samsung.com/is/image/samsung/p6pim/in/sm-x716bzkains/gallery/in-galaxy-tab-s10-x716-sm-x716bzkains-thumb-541090038?$650_519_PNG$",True,,"[{""variantName"":""Samsung Galaxy Tab S10 - Moonstone Gray 128GB WiFi"",""stock"":15,""price"":""75330"",""discountPrice"":""70620"",""sku"":""TAB-240403-SGTS10-GRY128W"",""attributes"":{""color"":""Moonstone Gray"",""storage"":""128GB"",""connectivity"":""WiFi""}},{""variantName"":""Samsung Galaxy Tab S10 - Silver 256GB WiFi"",""stock"":15,""price"":""84740"",""discountPrice"":""80030"",""sku"":""TAB-240403-SGTS10-SLV256W"",""attributes"":{""color"":""Silver"",""storage"":""256GB"",""connectivity"":""WiFi""}},{""variantName"":""Samsung Galaxy Tab S10 - Moonstone Gray 256GB 5G"",""stock"":15,""price"":""98870"",""discountPrice"":""94160"",""sku"":""TAB-240403-SGTS10-GRY256G"",""attributes"":{""color"":""Moonstone Gray"",""storage"":""256GB"",""connectivity"":""5G""}}]",,,"Display:11 inch Dynamic AMOLED 2X,Resolution:2560x1600,Processor:Snapdragon 8 Gen 3,RAM:8GB,Storage:128GB/256GB,Rear Camera:13MP,Front Camera:12MP,Battery:8000mAh,OS:Android 14 One UI 6.1.1,S Pen:Included,Brand:Samsung",27,18,4,0.6,,,
"Samsung Galaxy Tab S10 FE 10.9""","Samsung Galaxy Tab S10 FE 10.9""","Samsung Galaxy Tab S10 FE 10.9""",Tablets,Tablets,51790,,55,TAB-240404-SGTS10FE,,"https://images.samsung.com/is/image/samsung/p6pim/in/sm-x510nzaainu/gallery/in-galaxy-tab-s10-fe-x510-sm-x510nzaainu-thumb-541090060?$650_519_PNG$,https://images.samsung.com/is/image/samsung/p6pim/in/sm-x510nzaainu/gallery/in-galaxy-tab-s10-fe-x510-sm-x510nzaainu-thumb-541090061?$650_519_PNG$,https://images.samsung.com/is/image/samsung/p6pim/in/sm-x516bzkains/gallery/in-galaxy-tab-s10-fe-x516-sm-x516bzkains-thumb-541090068?$650_519_PNG$",True,,"[{""variantName"":""Samsung Galaxy Tab S10 FE - Graphite 128GB WiFi"",""stock"":18,""price"":""51790"",""discountPrice"":""47080"",""sku"":""TAB-240404-SGTS10FE-GRF128W"",""attributes"":{""color"":""Graphite"",""storage"":""128GB"",""connectivity"":""WiFi""}},{""variantName"":""Samsung Galaxy Tab S10 FE - Silver 256GB WiFi"",""stock"":19,""price"":""61190"",""discountPrice"":""56480"",""sku"":""TAB-240404-SGTS10FE-SLV256W"",""attributes"":{""color"":""Silver"",""storage"":""256GB"",""connectivity"":""WiFi""}},{""variantName"":""Samsung Galaxy Tab S10 FE - Mint 128GB 5G"",""stock"":18,""price"":""61190"",""discountPrice"":""56480"",""sku"":""TAB-240404-SGTS10FE-MNT128G"",""attributes"":{""color"":""Mint"",""storage"":""128GB"",""connectivity"":""5G""}}]",,,"Display:10.9 inch TFT LCD,Resolution:2304x1440,Processor:Exynos 1580,RAM:6GB,Storage:128GB/256GB,Rear Camera:8MP,Front Camera:10MP,Battery:8000mAh,OS:Android 14 One UI 6.1.1,S Pen:Included,Brand:Samsung",26,17,4,0.6,,,
"Samsung Galaxy Tab A9+ 11""","Samsung Galaxy Tab A9+ 11""","Samsung Galaxy Tab A9+ 11""",Tablets,Tablets,28250,,65,TAB-240411-SGTA9P,,"https://images.samsung.com/is/image/samsung/p6pim/in/sm-x210nzaainu/gallery/in-galaxy-tab-a9-plus-x210-sm-x210nzaainu-thumb-537051800?$650_519_PNG$,https://images.samsung.com/is/image/samsung/p6pim/in/sm-x210nzains/gallery/in-galaxy-tab-a9-plus-x210-sm-x210nzains-thumb-537051801?$650_519_PNG$,https://images.samsung.com/is/image/samsung/p6pim/in/sm-x216bzkains/gallery/in-galaxy-tab-a9-plus-x216-sm-x216bzkains-thumb-537051802?$650_519_PNG$",True,,"[{""variantName"":""Samsung Galaxy Tab A9+ - Graphite 64GB WiFi"",""stock"":22,""price"":""28250"",""discountPrice"":""25420"",""sku"":""TAB-240411-SGTA9P-GRF64W"",""attributes"":{""color"":""Graphite"",""storage"":""64GB"",""connectivity"":""WiFi""}},{""variantName"":""Samsung Galaxy Tab A9+ - Silver 128GB WiFi"",""stock"":22,""price"":""32950"",""discountPrice"":""30100"",""sku"":""TAB-240411-SGTA9P-SLV128W"",""attributes"":{""color"":""Silver"",""storage"":""128GB"",""connectivity"":""WiFi""}},{""variantName"":""Samsung Galaxy Tab A9+ - Navy 128GB 5G"",""stock"":21,""price"":""37650"",""discountPrice"":""34800"",""sku"":""TAB-240411-SGTA9P-NVY128G"",""attributes"":{""color"":""Navy"",""storage"":""128GB"",""connectivity"":""5G""}}]",,,"Display:11 inch IPS LCD,Resolution:1920x1200,Processor:Snapdragon 695,RAM:4GB/8GB,Storage:64GB/128GB,Rear Camera:8MP,Front Camera:5MP,Battery:7040mAh,OS:Android 13 One UI 5.1,Brand:Samsung",27,18,4,0.6,,,
"Samsung Galaxy Tab A9 8.7""","Samsung Galaxy Tab A9 8.7""","Samsung Galaxy Tab A9 8.7""",Tablets,Tablets,18840,,80,TAB-240416-SGTA9,,"https://images.samsung.com/is/image/samsung/p6pim/in/sm-x110nzaainu/gallery/in-galaxy-tab-a9-x110-sm-x110nzaainu-thumb-536099700?$650_519_PNG$,https://images.samsung.com/is/image/samsung/p6pim/in/sm-x110nzains/gallery/in-galaxy-tab-a9-x110-sm-x110nzains-thumb-536099701?$650_519_PNG$,https://images.samsung.com/is/image/samsung/p6pim/in/sm-x115nzaains/gallery/in-galaxy-tab-a9-x115-sm-x115nzaains-thumb-536099702?$650_519_PNG$",True,,"[{""variantName"":""Samsung Galaxy Tab A9 - Graphite 64GB WiFi"",""stock"":27,""price"":""18840"",""discountPrice"":""16960"",""sku"":""TAB-240416-SGTA9-GRF64W"",""attributes"":{""color"":""Graphite"",""storage"":""64GB"",""connectivity"":""WiFi""}},{""variantName"":""Samsung Galaxy Tab A9 - Silver 128GB WiFi"",""stock"":27,""price"":""23540"",""discountPrice"":""21620"",""sku"":""TAB-240416-SGTA9-SLV128W"",""attributes"":{""color"":""Silver"",""storage"":""128GB"",""connectivity"":""WiFi""}},{""variantName"":""Samsung Galaxy Tab A9 - Navy 64GB LTE"",""stock"":26,""price"":""23540"",""discountPrice"":""21620"",""sku"":""TAB-240416-SGTA9-NVY64L"",""attributes"":{""color"":""Navy"",""storage"":""64GB"",""connectivity"":""LTE""}}]",,,"Display:8.7 inch LCD,Resolution:1340x800,Processor:Helio G99,RAM:4GB/8GB,Storage:64GB/128GB,Rear Camera:8MP,Front Camera:5MP,Battery:5100mAh,OS:Android 13 One UI 5.1,Brand:Samsung",22,14,4,0.4,,,
"Apple iPad Pro 13"" M4 (2024)","Apple iPad Pro 13"" M4 (2024)","Apple iPad Pro 13"" M4 (2024)",Tablets,Tablets,122400,,32,TAB-240405-AIPP13M4,,"https://store.storeimages.cdn-apple.com/4982/as-images.apple.com/is/ipad-pro-13-select-202405-silver-wifi?wid=940&hei=1112&fmt=png-alpha&.v=1713920820561,https://store.storeimages.cdn-apple.com/4982/as-images.apple.com/is/ipad-pro-13-select-202405-spacegray-wifi?wid=940&hei=1112&fmt=png-alpha&.v=1713920820561,https://store.storeimages.cdn-apple.com/4982/as-images.apple.com/is/ipad-pro-13-select-202405-silver-cellular?wid=940&hei=1112&fmt=png-alpha&.v=1713920820561",True,,"[{""variantName"":""iPad Pro 13\"" M4 - Silver 256GB WiFi"",""stock"":8,""price"":""122400"",""discountPrice"":""117690"",""sku"":""TAB-240405-AIPP13M4-SLV256W"",""attributes"":{""color"":""Silver"",""storage"":""256GB"",""connectivity"":""WiFi""}},{""variantName"":""iPad Pro 13\"" M4 - Silver 512GB WiFi"",""stock"":8,""price"":""141210"",""discountPrice"":""136500"",""sku"":""TAB-240405-AIPP13M4-SLV512W"",""attributes"":{""color"":""Silver"",""storage"":""512GB"",""connectivity"":""WiFi""}},{""variantName"":""iPad Pro 13\"" M4 - Space Black 1TB WiFi+Cellular"",""stock"":8,""price"":""188320"",""discountPrice"":""183610"",""sku"":""TAB-240405-AIPP13M4-SPB1TBC"",""attributes"":{""color"":""Space Black"",""storage"":""1TB"",""connectivity"":""WiFi+Cellular""}},{""variantName"":""iPad Pro 13\"" M4 - Silver 2TB WiFi+Cellular"",""stock"":8,""price"":""226010"",""discountPrice"":""221300"",""sku"":""TAB-240405-AIPP13M4-SLV2TBC"",""attributes"":{""color"":""Silver"",""storage"":""2TB"",""connectivity"":""WiFi+Cellular""}}]",,,"Display:13 inch Ultra Retina XDR OLED,Resolution:2752x2064,Chip:Apple M4,CPU:9-core,GPU:10-core,RAM:8GB/16GB,Storage:256GB/512GB/1TB/2TB,Rear Camera:12MP,Front Camera:12MP TrueDepth,Battery:Up to 10hrs,OS:iPadOS 17,Face ID:Yes,Thin:5.1mm,Brand:Apple",33,24,3,0.7,,https://www.youtube.com/watch?v=ipad_pro13_m4,
"Apple iPad Pro 11"" M4 (2024)","Apple iPad Pro 11"" M4 (2024)","Apple iPad Pro 11"" M4 (2024)",Tablets,Tablets,94150,,40,TAB-240406-AIPP11M4,,"https://store.storeimages.cdn-apple.com/4982/as-images.apple.com/is/ipad-pro-11-select-202405-silver-wifi?wid=940&hei=1112&fmt=png-alpha&.v=1713920820561,https://store.storeimages.cdn-apple.com/4982/as-images.apple.com/is/ipad-pro-11-select-202405-spacegray-wifi?wid=940&hei=1112&fmt=png-alpha&.v=1713920820561,https://store.storeimages.cdn-apple.com/4982/as-images.apple.com/is/ipad-pro-11-select-202405-silver-cellular?wid=940&hei=1112&fmt=png-alpha&.v=1713920820561",True,,"[{""variantName"":""iPad Pro 11\"" M4 - Silver 256GB WiFi"",""stock"":10,""price"":""94150"",""discountPrice"":""89440"",""sku"":""TAB-240406-AIPP11M4-SLV256W"",""attributes"":{""color"":""Silver"",""storage"":""256GB"",""connectivity"":""WiFi""}},{""variantName"":""iPad Pro 11\"" M4 - Space Black 512GB WiFi"",""stock"":10,""price"":""113000"",""discountPrice"":""108290"",""sku"":""TAB-240406-AIPP11M4-SPB512W"",""attributes"":{""color"":""Space Black"",""storage"":""512GB"",""connectivity"":""WiFi""}},{""variantName"":""iPad Pro 11\"" M4 - Silver 256GB WiFi+Cellular"",""stock"":10,""price"":""108200"",""discountPrice"":""103490"",""sku"":""TAB-240406-AIPP11M4-SLV256C"",""attributes"":{""color"":""Silver"",""storage"":""256GB"",""connectivity"":""WiFi+Cellular""}},{""variantName"":""iPad Pro 11\"" M4 - Space Black 1TB WiFi+Cellular"",""stock"":10,""price"":""164850"",""discountPrice"":""160140"",""sku"":""TAB-240406-AIPP11M4-SPB1TBC"",""attributes"":{""color"":""Space Black"",""storage"":""1TB"",""connectivity"":""WiFi+Cellular""}}]",,,"Display:11 inch Ultra Retina XDR OLED,Resolution:2420x1668,Chip:Apple M4,CPU:9-core,GPU:10-core,RAM:8GB/16GB,Storage:256GB/512GB/1TB/2TB,Rear Camera:12MP,Front Camera:12MP TrueDepth,Battery:Up to 10hrs,OS:iPadOS 17,Face ID:Yes,Thin:5.3mm,Brand:Apple",28,20,3,0.5,,https://www.youtube.com/watch?v=ipad_pro11_m4,
"Apple iPad Air 13"" M2 (2024)","Apple iPad Air 13"" M2 (2024)","Apple iPad Air 13"" M2 (2024)",Tablets,Tablets,103560,,38,TAB-240407-AIPA13M2,,"https://store.storeimages.cdn-apple.com/4982/as-images.apple.com/is/ipad-air-13-select-202405-blue-wifi?wid=940&hei=1112&fmt=png-alpha&.v=1713920820561,https://store.storeimages.cdn-apple.com/4982/as-images.apple.com/is/ipad-air-13-select-202405-starlight-wifi?wid=940&hei=1112&fmt=png-alpha&.v=1713920820561,https://store.storeimages.cdn-apple.com/4982/as-images.apple.com/is/ipad-air-13-select-202405-purple-wifi?wid=940&hei=1112&fmt=png-alpha&.v=1713920820561,https://store.storeimages.cdn-apple.com/4982/as-images.apple.com/is/ipad-air-13-select-202405-spacegray-wifi?wid=940&hei=1112&fmt=png-alpha&.v=1713920820561",True,,"[{""variantName"":""iPad Air 13\"" M2 - Blue 128GB WiFi"",""stock"":10,""price"":""103560"",""discountPrice"":""98850"",""sku"":""TAB-240407-AIPA13M2-BLU128W"",""attributes"":{""color"":""Blue"",""storage"":""128GB"",""connectivity"":""WiFi""}},{""variantName"":""iPad Air 13\"" M2 - Starlight 256GB WiFi"",""stock"":9,""price"":""113000"",""discountPrice"":""108290"",""sku"":""TAB-240407-AIPA13M2-STR256W"",""attributes"":{""color"":""Starlight"",""storage"":""256GB"",""connectivity"":""WiFi""}},{""variantName"":""iPad Air 13\"" M2 - Purple 128GB WiFi+Cellular"",""stock"":10,""price"":""122400"",""discountPrice"":""117690"",""sku"":""TAB-240407-AIPA13M2-PUR128C"",""attributes"":{""color"":""Purple"",""storage"":""128GB"",""connectivity"":""WiFi+Cellular""}},{""variantName"":""iPad Air 13\"" M2 - Space Gray 512GB WiFi+Cellular"",""stock"":9,""price"":""150600"",""discountPrice"":""145890"",""sku"":""TAB-240407-AIPA13M2-SPG512C"",""attributes"":{""color"":""Space Gray"",""storage"":""512GB"",""connectivity"":""WiFi+Cellular""}}]",,,"Display:13 inch Liquid Retina,Resolution:2732x2048,Chip:Apple M2,CPU:8-core,GPU:10-core,RAM:8GB,Storage:128GB/256GB/512GB,Rear Camera:12MP,Front Camera:12MP,Battery:Up to 10hrs,OS:iPadOS 17,Touch ID:Yes,Brand:Apple",32,23,4,0.6,,https://www.youtube.com/watch?v=ipad_air13_m2,
"Apple iPad Air 11"" M2 (2024)","Apple iPad Air 11"" M2 (2024)","Apple iPad Air 11"" M2 (2024)",Tablets,Tablets,56510,,55,TAB-240408-AIPA11M2,,"https://store.storeimages.cdn-apple.com/4982/as-images.apple.com/is/ipad-air-11-select-202405-blue-wifi?wid=940&hei=1112&fmt=png-alpha&.v=1713920820561,https://store.storeimages.cdn-apple.com/4982/as-images.apple.com/is/ipad-air-11-select-202405-starlight-wifi?wid=940&hei=1112&fmt=png-alpha&.v=1713920820561,https://store.storeimages.cdn-apple.com/4982/as-images.apple.com/is/ipad-air-11-select-202405-purple-wifi?wid=940&hei=1112&fmt=png-alpha&.v=1713920820561,https://store.storeimages.cdn-apple.com/4982/as-images.apple.com/is/ipad-air-11-select-202405-spacegray-wifi?wid=940&hei=1112&fmt=png-alpha&.v=1713920820561",True,,"[{""variantName"":""iPad Air 11\"" M2 - Blue 128GB WiFi"",""stock"":14,""price"":""56510"",""discountPrice"":""53680"",""sku"":""TAB-240408-AIPA11M2-BLU128W"",""attributes"":{""color"":""Blue"",""storage"":""128GB"",""connectivity"":""WiFi""}},{""variantName"":""iPad Air 11\"" M2 - Starlight 256GB WiFi"",""stock"":14,""price"":""70650"",""discountPrice"":""65940"",""sku"":""TAB-240408-AIPA11M2-STR256W"",""attributes"":{""color"":""Starlight"",""storage"":""256GB"",""connectivity"":""WiFi""}},{""variantName"":""iPad Air 11\"" M2 - Purple 128GB WiFi+Cellular"",""stock"":14,""price"":""70650"",""discountPrice"":""65940"",""sku"":""TAB-240408-AIPA11M2-PUR128C"",""attributes"":{""color"":""Purple"",""storage"":""128GB"",""connectivity"":""WiFi+Cellular""}},{""variantName"":""iPad Air 11\"" M2 - Space Gray 512GB WiFi"",""stock"":13,""price"":""89470"",""discountPrice"":""84760"",""sku"":""TAB-240408-AIPA11M2-SPG512W"",""attributes"":{""color"":""Space Gray"",""storage"":""512GB"",""connectivity"":""WiFi""}}]",,,"Display:11 inch Liquid Retina,Resolution:2360x1640,Chip:Apple M2,CPU:8-core,GPU:10-core,RAM:8GB,Storage:128GB/256GB/512GB,Rear Camera:12MP,Front Camera:12MP,Battery:Up to 10hrs,OS:iPadOS 17,Touch ID:Yes,Brand:Apple",25,18,4,0.5,,https://www.youtube.com/watch?v=ipad_air11_m2,
"Apple iPad mini 7th Generation 8.3""","Apple iPad mini 7th Generation 8.3""","Apple iPad mini 7th Generation 8.3""",Tablets,Tablets,47080,,50,TAB-240410-AIPMIN7,,"https://store.storeimages.cdn-apple.com/4982/as-images.apple.com/is/ipad-mini-finish-select-gallery-202409-blue-wifi?wid=940&hei=1112&fmt=png-alpha&.v=1724041031454,https://store.storeimages.cdn-apple.com/4982/as-images.apple.com/is/ipad-mini-finish-select-gallery-202409-starlight-wifi?wid=940&hei=1112&fmt=png-alpha&.v=1724041031454,https://store.storeimages.cdn-apple.com/4982/as-images.apple.com/is/ipad-mini-finish-select-gallery-202409-purple-wifi?wid=940&hei=1112&fmt=png-alpha&.v=1724041031454,https://store.storeimages.cdn-apple.com/4982/as-images.apple.com/is/ipad-mini-finish-select-gallery-202409-spacegray-wifi?wid=940&hei=1112&fmt=png-alpha&.v=1724041031454",True,,"[{""variantName"":""iPad mini 7 - Blue 128GB WiFi"",""stock"":13,""price"":""47080"",""discountPrice"":""44250"",""sku"":""TAB-240410-AIPMIN7-BLU128W"",""attributes"":{""color"":""Blue"",""storage"":""128GB"",""connectivity"":""WiFi""}},{""variantName"":""iPad mini 7 - Starlight 256GB WiFi"",""stock"":12,""price"":""61200"",""discountPrice"":""56490"",""sku"":""TAB-240410-AIPMIN7-STR256W"",""attributes"":{""color"":""Starlight"",""storage"":""256GB"",""connectivity"":""WiFi""}},{""variantName"":""iPad mini 7 - Purple 128GB WiFi+Cellular"",""stock"":13,""price"":""61200"",""discountPrice"":""56490"",""sku"":""TAB-240410-AIPMIN7-PUR128C"",""attributes"":{""color"":""Purple"",""storage"":""128GB"",""connectivity"":""WiFi+Cellular""}},{""variantName"":""iPad mini 7 - Space Gray 256GB WiFi+Cellular"",""stock"":12,""price"":""75330"",""discountPrice"":""70620"",""sku"":""TAB-240410-AIPMIN7-SPG256C"",""attributes"":{""color"":""Space Gray"",""storage"":""256GB"",""connectivity"":""WiFi+Cellular""}}]",,,"Display:8.3 inch Liquid Retina,Resolution:2266x1488,Chip:A17 Pro,RAM:8GB,Storage:128GB/256GB,Rear Camera:12MP,Front Camera:12MP,Battery:Up to 10hrs,OS:iPadOS 18,Apple Intelligence:Yes,USB-C:Yes,Brand:Apple",22,15,3,0.35,,https://www.youtube.com/watch?v=ipad_mini7,
"Apple iPad 10th Generation 10.9""","Apple iPad 10th Generation 10.9""","Apple iPad 10th Generation 10.9""",Tablets,Tablets,42360,,70,TAB-240409-AIP10G10,,"https://store.storeimages.cdn-apple.com/4982/as-images.apple.com/is/ipad-10th-gen-finish-select-202212-blue-wifi?wid=940&hei=1112&fmt=png-alpha&.v=1670603894058,https://store.storeimages.cdn-apple.com/4982/as-images.apple.com/is/ipad-10th-gen-finish-select-202212-silver-wifi?wid=940&hei=1112&fmt=png-alpha&.v=1670603894058,https://store.storeimages.cdn-apple.com/4982/as-images.apple.com/is/ipad-10th-gen-finish-select-202212-pink-wifi?wid=940&hei=1112&fmt=png-alpha&.v=1670603894058,https://store.storeimages.cdn-apple.com/4982/as-images.apple.com/is/ipad-10th-gen-finish-select-202212-yellow-wifi?wid=940&hei=1112&fmt=png-alpha&.v=1670603894058",True,,"[{""variantName"":""iPad 10th Gen - Blue 64GB WiFi"",""stock"":18,""price"":""42360"",""discountPrice"":""37660"",""sku"":""TAB-240409-AIP10G10-BLU64W"",""attributes"":{""color"":""Blue"",""storage"":""64GB"",""connectivity"":""WiFi""}},{""variantName"":""iPad 10th Gen - Silver 256GB WiFi"",""stock"":17,""price"":""56490"",""discountPrice"":""51780"",""sku"":""TAB-240409-AIP10G10-SLV256W"",""attributes"":{""color"":""Silver"",""storage"":""256GB"",""connectivity"":""WiFi""}},{""variantName"":""iPad 10th Gen - Pink 64GB WiFi+Cellular"",""stock"":18,""price"":""56490"",""discountPrice"":""51780"",""sku"":""TAB-240409-AIP10G10-PNK64C"",""attributes"":{""color"":""Pink"",""storage"":""64GB"",""connectivity"":""WiFi+Cellular""}},{""variantName"":""iPad 10th Gen - Yellow 256GB WiFi+Cellular"",""stock"":17,""price"":""70630"",""discountPrice"":""65920"",""sku"":""TAB-240409-AIP10G10-YLW256C"",""attributes"":{""color"":""Yellow"",""storage"":""256GB"",""connectivity"":""WiFi+Cellular""}}]",,,"Display:10.9 inch Liquid Retina,Resolution:2360x1640,Chip:A14 Bionic,RAM:4GB,Storage:64GB/256GB,Rear Camera:12MP,Front Camera:12MP,Battery:Up to 10hrs,OS:iPadOS 17,USB-C:Yes,Brand:Apple",25,18,4,0.5,,,
"Apple iPad 9th Generation 10.2""","Apple iPad 9th Generation 10.2""","Apple iPad 9th Generation 10.2""",Tablets,Tablets,31080,,80,TAB-240415-AIP9G10,,"https://store.storeimages.cdn-apple.com/4982/as-images.apple.com/is/ipad-9th-gen-finish-select-202104-silver-wifi?wid=940&hei=1112&fmt=png-alpha&.v=1617914302668,https://store.storeimages.cdn-apple.com/4982/as-images.apple.com/is/ipad-9th-gen-finish-select-202104-spacegray-wifi?wid=940&hei=1112&fmt=png-alpha&.v=1617914302668,https://store.storeimages.cdn-apple.com/4982/as-images.apple.com/is/ipad-9th-gen-finish-select-202104-silver-cellular?wid=940&hei=1112&fmt=png-alpha&.v=1617914302668",True,,"[{""variantName"":""iPad 9th Gen - Space Gray 64GB WiFi"",""stock"":20,""price"":""31080"",""discountPrice"":""28260"",""sku"":""TAB-240415-AIP9G10-SPG64W"",""attributes"":{""color"":""Space Gray"",""storage"":""64GB"",""connectivity"":""WiFi""}},{""variantName"":""iPad 9th Gen - Silver 256GB WiFi"",""stock"":20,""price"":""45200"",""discountPrice"":""42380"",""sku"":""TAB-240415-AIP9G10-SLV256W"",""attributes"":{""color"":""Silver"",""storage"":""256GB"",""connectivity"":""WiFi""}},{""variantName"":""iPad 9th Gen - Space Gray 64GB WiFi+Cellular"",""stock"":20,""price"":""45200"",""discountPrice"":""42380"",""sku"":""TAB-240415-AIP9G10-SPG64C"",""attributes"":{""color"":""Space Gray"",""storage"":""64GB"",""connectivity"":""WiFi+Cellular""}},{""variantName"":""iPad 9th Gen - Silver 256GB WiFi+Cellular"",""stock"":20,""price"":""59350"",""discountPrice"":""56530"",""sku"":""TAB-240415-AIP9G10-SLV256C"",""attributes"":{""color"":""Silver"",""storage"":""256GB"",""connectivity"":""WiFi+Cellular""}}]",,,"Display:10.2 inch Retina,Resolution:2160x1620,Chip:A13 Bionic,RAM:3GB,Storage:64GB/256GB,Rear Camera:8MP,Front Camera:12MP,Battery:Up to 10hrs,OS:iPadOS 16,Touch ID:Yes,Brand:Apple",24,17,4,0.5,,,
"Samsung Galaxy Tab S9 FE 10.9""","Samsung Galaxy Tab S9 FE 10.9""","Samsung Galaxy Tab S9 FE 10.9""",Tablets,Tablets,42360,,55,TAB-240412-SGTS9FE,,"https://images.samsung.com/is/image/samsung/p6pim/in/sm-x510nzaainu/gallery/in-galaxy-tab-s9-fe-x510-sm-x510nzaainu-thumb-537047170?$650_519_PNG$,https://images.samsung.com/is/image/samsung/p6pim/in/sm-x510nbgainu/gallery/in-galaxy-tab-s9-fe-x510-sm-x510nbgainu-thumb-537047171?$650_519_PNG$,https://images.samsung.com/is/image/samsung/p6pim/in/sm-x510nzsainu/gallery/in-galaxy-tab-s9-fe-x510-sm-x510nzsainu-thumb-537047172?$650_519_PNG$",True,,"[{""variantName"":""Samsung Galaxy Tab S9 FE - Gray 128GB WiFi"",""stock"":18,""price"":""42360"",""discountPrice"":""37650"",""sku"":""TAB-240412-SGTS9FE-GRY128W"",""attributes"":{""color"":""Gray"",""storage"":""128GB"",""connectivity"":""WiFi""}},{""variantName"":""Samsung Galaxy Tab S9 FE - Mint 256GB WiFi"",""stock"":19,""price"":""51780"",""discountPrice"":""47070"",""sku"":""TAB-240412-SGTS9FE-MNT256W"",""attributes"":{""color"":""Mint"",""storage"":""256GB"",""connectivity"":""WiFi""}},{""variantName"":""Samsung Galaxy Tab S9 FE - Silver 128GB 5G"",""stock"":18,""price"":""51780"",""discountPrice"":""47070"",""sku"":""TAB-240412-SGTS9FE-SLV128G"",""attributes"":{""color"":""Silver"",""storage"":""128GB"",""connectivity"":""5G""}}]",,,"Display:10.9 inch TFT LCD,Resolution:2304x1440,Processor:Exynos 1380,RAM:6GB,Storage:128GB/256GB,Rear Camera:8MP,Front Camera:10MP,Battery:8000mAh,OS:Android 13 One UI 5.1,S Pen:Included,IP68:Yes,Brand:Samsung",26,17,4,0.6,,,
